-- MySQL dump 10.13  Distrib 8.3.0, for macos14.2 (arm64)
--
-- Host: localhost    Database: buyhub
-- ------------------------------------------------------
-- Server version	5.5.5-10.4.28-MariaDB

/*!40101 SET @OLD_CHARACTER_SET_CLIENT=@@CHARACTER_SET_CLIENT */;
/*!40101 SET @OLD_CHARACTER_SET_RESULTS=@@CHARACTER_SET_RESULTS */;
/*!40101 SET @OLD_COLLATION_CONNECTION=@@COLLATION_CONNECTION */;
/*!50503 SET NAMES utf8mb4 */;
/*!40103 SET @OLD_TIME_ZONE=@@TIME_ZONE */;
/*!40103 SET TIME_ZONE='+00:00' */;
/*!40014 SET @OLD_UNIQUE_CHECKS=@@UNIQUE_CHECKS, UNIQUE_CHECKS=0 */;
/*!40014 SET @OLD_FOREIGN_KEY_CHECKS=@@FOREIGN_KEY_CHECKS, FOREIGN_KEY_CHECKS=0 */;
/*!40101 SET @OLD_SQL_MODE=@@SQL_MODE, SQL_MODE='NO_AUTO_VALUE_ON_ZERO' */;
/*!40111 SET @OLD_SQL_NOTES=@@SQL_NOTES, SQL_NOTES=0 */;

--
-- Current Database: `buyhub`
--

/*!40000 DROP DATABASE IF EXISTS `buyhub`*/;

CREATE DATABASE /*!32312 IF NOT EXISTS*/ `buyhub` /*!40100 DEFAULT CHARACTER SET utf8mb4 COLLATE utf8mb4_general_ci */;

USE `buyhub`;

--
-- Table structure for table `CATEGORY`
--

DROP TABLE IF EXISTS `CATEGORY`;
/*!40101 SET @saved_cs_client     = @@character_set_client */;
/*!50503 SET character_set_client = utf8mb4 */;
CREATE TABLE `CATEGORY` (
  `CATEGORY_ID` bigint(20) NOT NULL AUTO_INCREMENT,
  `CATEGORY_NAME` varchar(50) DEFAULT NULL,
  PRIMARY KEY (`CATEGORY_ID`)
) ENGINE=InnoDB AUTO_INCREMENT=11 DEFAULT CHARSET=utf8mb4 COLLATE=utf8mb4_general_ci;
/*!40101 SET character_set_client = @saved_cs_client */;

--
-- Dumping data for table `CATEGORY`
--

LOCK TABLES `CATEGORY` WRITE;
/*!40000 ALTER TABLE `CATEGORY` DISABLE KEYS */;
INSERT INTO `CATEGORY` VALUES (1,'Fashion'),(2,'Beauty'),(3,'Home & Kitchen'),(4,'Baby Product'),(5,'Office Products'),(6,'Health & Wellness'),(7,'Books & Stationery'),(8,'Grocery & food'),(9,'Electronics'),(10,'Pet Supply');
/*!40000 ALTER TABLE `CATEGORY` ENABLE KEYS */;
UNLOCK TABLES;

--
-- Table structure for table `CUSTOMER`
--

DROP TABLE IF EXISTS `CUSTOMER`;
/*!40101 SET @saved_cs_client     = @@character_set_client */;
/*!50503 SET character_set_client = utf8mb4 */;
CREATE TABLE `CUSTOMER` (
  `CUSTOMER_ID` bigint(20) NOT NULL AUTO_INCREMENT,
  `FIRST_NAME` varchar(50) NOT NULL,
  `LAST_NAME` varchar(50) NOT NULL,
  `LAST_LOGIN` timestamp NOT NULL DEFAULT current_timestamp() ON UPDATE current_timestamp(),
  `PASSWORD` varchar(20) NOT NULL,
  `ADDRESS` varchar(100) NOT NULL,
  `ISD` bigint(20) DEFAULT NULL,
  `PHONE_NO` varchar(15) DEFAULT NULL,
  PRIMARY KEY (`CUSTOMER_ID`)
) ENGINE=InnoDB AUTO_INCREMENT=11 DEFAULT CHARSET=utf8mb4 COLLATE=utf8mb4_general_ci;
/*!40101 SET character_set_client = @saved_cs_client */;

--
-- Dumping data for table `CUSTOMER`
--

LOCK TABLES `CUSTOMER` WRITE;
/*!40000 ALTER TABLE `CUSTOMER` DISABLE KEYS */;
INSERT INTO `CUSTOMER` VALUES (1,'Mary','Jane','2024-06-15 08:00:00','password100','Alexanderplatz street 123, Berlin',49,'7658229104'),(2,'Emma','Stone','2024-06-20 16:58:13','admin11','Potsdam',49,'1446612354'),(3,'Joel','Johnson','2024-06-22 11:45:00','joel23','Antonplatz 23,Berlin',49,'5555667477'),(4,'Kane','West','2024-06-20 16:58:13','kane123','223 west building, Potsdam',49,'1773319872'),(5,'Smith','Henry','2024-06-16 07:20:00','112233','23 street,Berlin',49,'1573316372'),(6,'Sanya','Sharma','2024-06-20 15:26:20','1212','110 Karl-Marx-Allee, Berlin',49,'1538829544'),(7,'Alwin','Terry','2024-06-20 16:58:13','0000','Potsdam Allee 10, Potsdam',49,'1759933101'),(8,'Steve','Hartmann','2024-06-20 16:58:13','steve117','Schönhauser Allee-11, Berlin',49,'1556645382'),(9,'Jason','Derulo','2024-06-03 18:30:00','jas1234','Friedrichstraße-16, Berlin',49,'1794876543'),(10,'Annie','January','2024-06-13 10:45:00','annie009','Kurfürstendamm-27, Berlin',49,'1598765400');
/*!40000 ALTER TABLE `CUSTOMER` ENABLE KEYS */;
UNLOCK TABLES;

--
-- Table structure for table `IMAGES`
--

DROP TABLE IF EXISTS `IMAGES`;
/*!40101 SET @saved_cs_client     = @@character_set_client */;
/*!50503 SET character_set_client = utf8mb4 */;
CREATE TABLE `IMAGES` (
  `IMAGE_ID` bigint(20) NOT NULL AUTO_INCREMENT,
  `BASE64_IMG` blob DEFAULT NULL,
  `IMAGE_NAME` varchar(50) DEFAULT NULL,
  `PRODUCT_ID` bigint(20) DEFAULT NULL,
  PRIMARY KEY (`IMAGE_ID`),
  KEY `IMAGE_PRODUCT_FK` (`PRODUCT_ID`),
  CONSTRAINT `IMAGE_PRODUCT_FK` FOREIGN KEY (`PRODUCT_ID`) REFERENCES `PRODUCT` (`PRODUCT_ID`)
) ENGINE=InnoDB AUTO_INCREMENT=11 DEFAULT CHARSET=utf8mb4 COLLATE=utf8mb4_general_ci;
/*!40101 SET character_set_client = @saved_cs_client */;

--
-- Dumping data for table `IMAGES`
--

LOCK TABLES `IMAGES` WRITE;
/*!40000 ALTER TABLE `IMAGES` DISABLE KEYS */;
INSERT INTO `IMAGES` VALUES (1,_binary 'data:image/jpeg;base64,/9j/4AAQSkZJRgABAQAAAQABAAD/2wCEAAkGBxIPEg8QDxISDQ8QEA8NERAPDxAPEBANFREWGBURFRcYHSgiGB0mGxUVLTQhJSktMi4uGB8zODMsNzQtLi4BCgoKDg0OFw8PGi0dHR0tKy0rLS0tKy0tLSsrKy0tLS0tLS0tLSstLS0rLSstLS0rLS03LS0tLTctNzctLS0rK//AABEIAMkA+wMBIgACEQEDEQH/xAAcAAEAAQUBAQAAAAAAAAAAAAAAAQMEBgcIBQL/xABJEAABAwICBAYOCQIFBQEAAAABAAIDBBESIQUGEzEiQVFSkZIIFBc1U1RhcXSBorPR0gcVIzJik6Gy4TSxJCVCQ8FVcoLw8Rb/xAAWAQEBAQAAAAAAAAAAAAAAAAAAAQL/xAAXEQEBAQEAAAAAAAAAAAAAAAAAESEB/9oADAMBAAIRAxEAPwDeKIiAiIgIi8nTWs1FQlrauphpnOGJrJJAHlvODd9vKg9ZFindI0T4/B0u+CjulaI8eh9v4IMsRYl3S9EePQ+38qjum6I8ei6JPlQZcixDunaI8ei6svyp3T9D+PRdWX5UGXosP7qGh/Ho+pN8qd1DQ/j0fUm+VBmCLD+6jofx6PqTfKo7qOh/Ho+pN8qDMUWH91HQ/j0fUm+VO6hofx6PqTfKgzBFh/dQ0P49F1JflUj6TtEePRdWX5UhWXosSH0maI8eh6JPlUj6StEePQ+38EiVliLFR9I+ifH4OsfgvofSLonx+n66LWUIsZH0haK8fpvzQpGv+iv+oUv57AhWSorbR9fFUMEtPLHPGdz4ntkafWFcoCIiAiIgIiICIiAuPfpDrHzaT0k+Rxc4VlRECeKOOQsY31Na0epdhLjXXPvhpH06r9+9B5GApgKrBEFHAUwFVkQUcBTAVWRBRwFMBVZEFHZlTsyqqIKWzKbMqqiClsymzKqogpbMpsyqqIKWzKbMqqiClsyoc2yrL4l3etBtnscK97ayqp8R2UlMZi25ttGSMAdbls8roVc39jqf8yl9Dl95GukEBERAREQEREBERAXGmuXfDSPptX7967LXGmuP9fpD02r9+9B54UoEQEREBERAREQEREBERAREQEREBERAVOXd61UXxNu9aDZfY7985PRJf3sXSS5t7HfvlJ6JL+9i6SQEREBERAREQEREBcaa4f1+kPTav3712WuM9cP6/SHptX796CxCIFKCEUoghFKIIRSiCEUoghFKIIRSiCEUoghFKIIXxNu9aqKnNu9aDZnY798pPRJP3sXSK5u7HfvlL6JJ+9i6RQEREBERAREQEREBcZ64f1+kPTav3712YuM9cP6/SHptX796CyCIFKCEUoghFKIIRSiCEUoghFKIIRSiCEUoghFKIIVObd61VVOfd60GzOx275S+iSfvYukFzf2O3fKX0ST97F0ggIiICIiAiIgIiIC401y74aR9Oq/fvXZa411074aR9OrPfvQWAUoFKCEUoghFKIIRSiCEUoghFKIIRSiCEUoghFKIIVOfd61VVKfd60Gyex4d/mbxy0kv72LpNc09j131d6JP++NdLICIiAiIgIiICIiAuNddO+GkvTqz3712UuNtde+OkvTqz370FgFKBEBERAREQEREBERAREQEREBERAREQFSn3etVVTqN3rQbG7Hnvo70Of8AfGulVzX2PHfR/oc/vIl0ogIiICIiAiIgIiIC4213746S9PrPfvXZK4914pX/AFlpPgOINfWEWaTcdsPQeUCl1R7Uk5j+o5DSycx/UcgrXS6odrv5juqU7XfzHdUoK90uqHa7+Y7qlO138x3VKCvdLqh2u/mO6pTtd/Md1Sgr3S4VDtd/Md1Sna7+Y7qlBXxBMQ5VQ7XfzHdUqNg/mu6pQXGIco6UxDlHSrfYP5ruqU2Lua7qlBcYhyjpTEOUdKt9i7mu6pUbF3Nd0FBcYhyjpTGOUdKt9k7mnoKbJ3NPQUFxjHKOlU53Ajfxr4EDzua4+ZpU9rv5juqUGy+x376SehTe9iXSa5y7HencNJTOIIAopRmLZ7WFdGoCIiAiIgIiICIiD5e6wutW6y6sxGaaYMzke6VwxPAxuNyQAeW62XUv4uT+68DSMd1Wetc/VEQ3x+1J8V5NfoSlkkBdK2NxbZsYey+FpNzZ1zvus40rFhY4j72TW+V5Nm/qVpXWKoD55HYmuAOxbG6ZoIiAyeAW2be1/vX4XQ5Vxlf1LQhhf2zFgDtmXGemADyLhvnsCvpmgqMlwE8d2Nc9w21MMLWgFxN+QEdKw7R87ZTS08pEMLJJZHOE7HBxdd3CHHk1rQL535TZU3yOp4p4nB0U0r4w+N0oZNHG0Odzf9RLchxAeq6rNGaEonYcNRGceTLTU1ncINyPHwiB5ypOr1Hwv8RHwHbN/wBtTHC/dhNtx8ixqstTVEkgsGCB0UD+DHHM8RYTJHZpBc13+q5zsbhWbYvsqKUYn4ZHSVDwQ7YgzBrBK8XJuGkgEDfle6mjMv8A81S4msE7C5zBK1rZKdxdEdzwBxeVfD9AUYYJDUxCMuwB5mpsOPCHYd+/CQfMQsRjeaptcQHOmfLEYoGuEkmEue4iK2bQ1rcwAcrbl90teyWWmY97WRR0mBxcWuiMrYHElzHYQXXFsVznh3poypmrlI4PLamM7Nrnv+1puC1tsROfFib0hfEOrlJIWtZUscX2wASU/CuQBbPPMgechYXLVPhhbTSNkhkbO+R4LgyUROZHZhuASDYkDzFXlae1X1uAOME92087SGxukjma68LswMNiMnZDjvZNGSnQFHwv8XGcLgx1pIDhdewabHfdTJq3SNOE1UYcWNkA2kBOzcAQ7I7iCM/KsbppMDqOrYNuIoXds2DSyIh0jAJiwOtiy4RGdxvVlFAJoHsiJlqI6hghY1wfM+EscBgscRDcA4IGVxuTRl79XKQNY81cYbI7Aw7SGznWBsM+Rw6QvkauUhD3CrZhjzecUVm2Njf1kdKxh9UyqnqTKRA2SCR4aXtDG1TY2m2dsJJZa/m5UmqCztKOdr4nw2ZK1wLCaba42lwNg8WItyhoTRktNq5Ryua2OrY9zt1nR24xv3cR6FTboSgO6tYc8NgWE4rbt3kWN1rDBDPGA4w9tl9LO1wLHuZiY4iQG33S3dfiVeGLZ43xDbQy0WGrFx/hpXHCcbW5tAc0cV7E8tlB78+rtDG5zH1rGPaMRBcz7tr33Z5ciibVqhaIy6ta0S3DLkcIg2I+7lnyrHdEtcW0ssJL62Oo2bIXObeaA3N28bs8bTnkrKmp4HyVGJwiLGulpw5zRGZGuH2Mgdfivx728Ysg2BoHQNGRKIpI60tc0Pv96M2NhawyyOfkXrjVaE/7LOha71U0uYJ4ZbNZC68NRga1jW3Is823hvBPL97lW7qZtwD6lOhqPomKhkfLFG1jntEbt+bL3sOT/wCLYzHhwBGYOaw+jFl7ui6m3AO47vIeRUeqiIgIiICIiAvmR1hdfSt53XNuT+6C2lK8+pbdei5qtZmLTLANf68U8ErrhhZGcJPFPLeOM+W13G3mWnaOKSV8cFLIyVzsQY18LIcw0ki5uNzTvPEt/wCmtXoaq21DzZ+1BbI5hx4MF8vw3HrPKvFp9RqKF2OONzXYJIwdo7Jr2lrvXYnPylBoV8oJuXwE3xHgPzN7m9mL2q+8Tax1W+IVU5gexrJCWuZJeRzntZvbhwWB5Qts1GpFG5pY4Sua4WIM8hBHSlVqrTPc5xEgLrXwyuaDZoaMh5AOhO9Vqihc13aUsuFlDA405e17o3tqMLpiWYTjHCIs7zLzoZyYKlkYjJe5kkv3sOyZiw5uzJxOW3W6n0rWiMMcGiR8w+0dfaOaGudfzAL4l1QpXAtc2QggtI2rtxWarW+l5m0VYzPhQ00TReR05bI+nzbckgNGM2AOVgvJfLCaTDiaJ+2XOwXl2ewMQ4QbbCHYsr77NW3qvU2jqJHSSRh0jrYiZA3cLDf5AF8dzyg8E389vxSjWLNKRSz1M0z8AkpZI2YTMxzpRG1rGvwDNpw5g5cqsvrJuypo7j7CWSXIPbk9zTwXDMHg/wBrLbo+jzR/gm/nj4qR9Huj/BN/PHxSjVdbpOFklc2B20gnBjY47QuLA4OaXmQXJu1v6qnDXQxDR80brTwOeZm/am2GXFHhxAtAIvkOccltjue6P8E387+U7n2jvBN/Od8Uo1do2FlTFpINIuxjayNrpHta1rZAHlzRZrzhdvt5t6osrm9sUvbeDZxsip5jFLiLoQ3AXY4d9mEZAk5Ecdlt+k1JoYS8xxtbjjfC/wC2cQ6J/wB5pF/IpbqZRjdtMh49UjLk++lGnq9joqdrCYjTTzSVFO5t3fdtG/IgububkeRevougNRIX0Gxwvomtq4nybi/KQ/aG9sTQd+WS2Y/VOjLWMdG4hj3yMJnnxte/DiIfixZ4Rx/8qYtWaRpcdm52ON8LtpUVEoMTiC5tnvIzwjoSjXdLqbMIY8DqaOuiqWyRyCpa7FHa4FrloIeBxZ3WHV0bzJMZCzaCRwfZjW3fiIJa0AXz5At2s1L0eLWpwMJxN+1mydlmOFkchn5Aq9RqrRSPfI+nY58hJkdd4xkuucVjnnmlGqqDUuV7IppJaVsMzNpGTPHE526/328XGOIra+psjmwsilkilkj+xJhmbNwRlGXkbnFoseUtUv1VonMjjdTscyPFgaS44MRu62fGVd6L1fpaZznwQtic4WcWl13C988+UKDIYSrhj7K0jcq2JEZLQVO0bf8A1DJ3n5VcrGaKq2bg7i3OHK1ZK1wIBGYIuDyhVUoiICIiD5kdYXVqvuofnbk/uqV1eIFUJQqxKpPVRYzNVpI1ehIFbPag897FbvYvRexUHRqDz3NVMtV+6NUnMU6rxJzw3+QgeyFTLlXlF3P/AO936EhUnNQfIcvoPXwWr5KgrY1IkVvdMSC52iCRW2JMSD1BLcDzIXK0gfcL7LlFVsa+hIrbEvoOVF016rxuVk0q5jKIvo3KsCrWMquCqKt17Gg6z/ad5Sz/AJb/AO+VeICvpryCCDYg3B8qDMkVtQVQlYHce5w5HK5RRERB5hkN3BwLTc+sX3hSJAvRIUYByDoS9I8/GF8m3L+i9LZjkHQFGybyDoCXpHlOivx/p/K+DTfi/T+V7GxbzW9UJsW81vVCaR4Zovxez/K+Do/8Xs/yvf2Lea3oCbJvNb0BNMY8dG/i9n+V8HRf4/Z/lZJsW81vQE2Lea3qhQYwdEfjHV/lfB0N+MdT+VlWybzR0BNk3mjoCDFoNBtJIfJhFrg4QM+TMqudXovDfo34rItm3kHQFOzHIOgIMbOr8Phj7K+fqCHwx9lZNgHIOgKcI5B0IMMqtBsDiGzcHytBz89wqB0I3w3sj5lnVlKQYH9Rt8N7Lfig0C3whPmaPis8RIME+oG893QFI0E3nP6As6RIMHGhW8r+gfBVG6KA8IfV/CzREgw9uj7bmyH/AMT8F9dpO5kvUf8ABZciQxiXab/BydR3wUnR8p3Ruv5cv7rLESDzNA0b4mO2mTnOxYQQcLbAcXGvTRFQREQEREBERAREQEREBERAREQEREBERAREQEREBERAREQEREBERAREQf/Z\n','MackBook M1-Laptop',1),(2,_binary 'data:image/jpeg;base64,/9j/4AAQSkZJRgABAQAAAQABAAD/2wCEAAkGBxIQEhISEBAQEBAQEBIVFRUVFRAQEBAPFRUWFhUVFRUYHSkgGBolGxUVITEhJSkrLi4uFx8zODMsNygtLisBCgoKDg0OFQ8PFSsZFRkrKy0rLSstLSsrLSsrKystLSstLSs3NzcrLSstLSsrKy0tKy0rKy0rKysrKysrKysrK//AABEIAMIBAwMBIgACEQEDEQH/xAAcAAABBQEBAQAAAAAAAAAAAAAGAgMEBQcAAQj/xABOEAABAwICAwoJCAgFAwUAAAABAAIDBBEFIQYSMQcTIkFRYXFzgbEjMnJ0kaGys8EXJDRCUoLC0RQzVGJjkpPhFVNkg8MWRKIIQ4Tw8f/EABgBAQEBAQEAAAAAAAAAAAAAAAABAgME/8QAHBEBAQEBAQEBAQEAAAAAAAAAAAERMQIhQRIy/9oADAMBAAIRAxEAPwDbZZA0EnYO0+hCukOlZgFhCBfZruz/AJW/mhrdk0pmpjTQwPdGZGyPeRkbAta0etyG8YkdJvMesS5tPGXEkklzmh7ie1xQF1Lp6b+EhZb919nDsO1E+G6X0kgAMm9u5HjV/wDLZ61854vIYA1zuE+W5a0E2ay/jOO25SMKxx5ya9zSPqk6zSOa6D6rbM17bsc145WkOHpCjlfP2H6STMzGs2210Zc0jnNii/D9OahoB1mzM/fGfpFig1iApElQ69g0DnJ/JZjiO6BM/UbBHvZ+vnrXJtayPYiXNa25vqgk8ZNgO+6miQZjfxmE83BPrT0M1jncesekLON0jTn/AAoxxRRMmnkbrcK4ZGwH6xGZJzt0J7c906ZiYcwtMNTGLlmtdrm/abyhBprXg7CD0Zpio2qrM5bmQMuMZH1LpKw2uDfpzyQS5JQ0XNzbiAuSeQBUGN6ZugNhAAeLXdc252t/NAe6PplOKiKCAmICO7rE3c5ziBnxZD1qLpI4vlcwE2hjAJ4+C2x7vWuvnzKzaNafdB1spYW7drHWP8p/NXNHpRSyf+5qHkeNX17PWvnbGpjT6oI1pHjXsCQGNPigkbTbNLwvHpSOC85bWu4Y/wDxL5htfVVNIHNBaQ4coII9ISpdhXzvhmlM0diNdn70bnNHaLoypNP6lgGsY5mkfWFnHtbZS+Kf00p3p5uNRpMQdGLaoBvxm/qCzqu08mmljjhj3oHVa7O5Lic7H0ItqwZHvaDlG3M8pGS5er9bi2ixo/WYCP3Tn6CliuYTmdXpy9exY/pvpi7DpGwxsjllLQ9/jBkbTsGWZceVW2hulwroyW8CRhAfGTrW5CL7Qn0atSuBORB9aloEjr3NzzbztJap0ekMjbZteOcZ+kJpgiqTnsJ6NqCdMtP48Nc2PejPUPGs2JhBIZ9p52NH91W4zplNLVshiGow7212d8yc8+0ehBGMN36qrqg5l1SYmnbqxxBrAB6FNXBthm7RCTaqoqmAfaYN+YOm2aLsN00oKwDeKuJzvslwZIOlrs1lWGajWgKHpVHRxwmaanbIQWtGqAx5JP2hmONXT+W7gg7FOj2BfMeC6UsiPzbEa2iN8o5vnFP8bD0I9wfdHxBo4cVJiMQ+vTP1Jbc7HG18irqY12fYoqD6LdUoJLMqN+oZHcVQwxsv5YuEY09pGh8b2PY4XDmkOa4coIyKqPFyd3g8y5BjG7OwGqgvxUx9squkmLZZHGxLaZvN9QWVvu2sAq4Lfs3/ACOVFWG75PNR7AQBc1Tvjo3PuRqavQWk39RBUCEWmFuQ+iylyRNaHAhxubgi12u5VFiBuS27nGwuQGht+a6o0HQ/FYN7mhm1GOcLgu1Wh7bWIudpGSh0Mgs7UPA13gcVwDdptxXafUhTE3mn1I8nSFjXPJF9UuzDR2K7wCrD2PByeHNNubVcCR6lkHGi9GJGuceKS3qC0+N9i88jD3lZ9oKy8Uh/jfhatBjF3PHK38SisD3R5d9rd9kBs+FrBzOic5jvwn7wUHc0kdHitNq/WLmut9gjPuC1rTXQ2KpicNWTfNbWY9mqXMfYAmx2ggAEcwVDoHoI6jmNQ8vkkaCGlzRG1oO02BOfbxKjRq2VtrEgWG0mwUJkvA9KzfdF0/npqj9FgbFeMNMjnAu4bs9QAEbBbPlRBobpI2uhcbaksZs9u0C4yIPIVAE6aMBrSSc9SPvKl4lUFprHOsXBrtlwL3UTS/6WfJZ3lO4zmaznB716PPHOg2WoEr9Z+etGy3MWjVPrBUOk4MhtssU9JG1rSCHXvdrm2Ory5cYKjRAk+DDnOcQLkaovttZY/VaLo1itO6mlhmLI3DM3IaHMPGOUqLRSXjBGw37CD8QWlB+JPMEm9DVc5ltd1r3fxgcg4uxEOB1QfERsc17rjkBDbHoyK35qYKsApi4tcAP1ozJ5COJHe/lrKk/WsfSTZCeiPiN678kWMbrCpHO3vC83r/VdZxh2lMm+Vcj5LnfY43NPJZgaR/M1yc3NpDHXkNPBdE8O5Mi21+1FmlGj0cjbFsgc1xLJGAO1NbxgWnxmnI7ciq/RTAzTuLo9aSWUhus5uoBx2Dbm3p5Fd+I051dE+NzXEMcOWwv0DjUFzuA08oz6Qs00o0vlp6kwRb28QO1XvcL68lru1bHIDYjHR7G21lM14Gq5rnNe299V1gfRndSrCqOmJna8NH65ud+S3Ehupaf0epfx/wCIVFz/ALiM8I8ZvXfEIdgozNRV7W+MK2qcPuyErNUO0tdbjUusaypidFJfVdbYbEEZghCjJ7FWNLVq4aiVWhD9sM7H8zwWH0i91P0KwSqpqkukYWR724OIc1zH7NUZHPPNWVNU86tKepTVki71WuFnAOadoIBB7Cp+htR/h9VHFGbUVY4s3vPUp6qxcx0f2Wvs5pHLqlVNNLeycxN1o2uBsY6imkB5HMnjcO5SX6tkxs11yhmV3L3LxdXJkm7ab1cHm3/I5D1QLySWzP6MPYCvd2T6VD5t+NyGq+r3qZx5YGgfyBAOY0RTtjAIfLKNY3FwxvJblVVHPrA5AOGeWQcPzCelqA58b5M22LHWtfInl5iFEjaN9Abctz9FlQ5UzB8mvJc75G3ZbgvAAz9BVlo+fC5bNU/2UGSMW1dUOF9YG5Dh0K+0epwI5H2s7XY0cZsWuJ+HoUo03c+zhk68+y1H1P8ArHeT+JAW53+pk68+y1G00uo5x5Wn0gqKAd1nTuWhfHBSFu+PZrvcRrBjb2AA5TnmVH0F3QpK6OSnnDW1LWFzXNu1sjNmziIJHpQTp+0/pscs4dqPiMZ2ePEXDj5nMd2qHubsJxSnDLlt363OzVz+CIY0yHz2WSUO+cMZI08jrBrgehzXhEe5Fff6i3i7y2/TrG3xRrpro3BU6sZZHrhxe2z9SYA+MW7bg2zysl6LYDHRxOEbbOceESdYmwyuU0BGlv0s+SzvKcxBpc6rA25+0m9LPpZ8lneU1i1WY5KkfaDreld5xihzHbU+oxpa97mhziQCG3Fw0Do41VMqL5jguaQSBsNuMJ8ytdIHS+K+MC4tcOaNXj5wFFgaNc22WPoyWdU7NK10r3PBO+Wc0i2RNib+sK20bvrv5NT4qrdHcBuqDbMEGzh/ZEmBQBsBdaznSuG251Q1pHrJTz0taBocPBt6494RTBe9QBxlveEL6Ffqm9c7vCu5aze3TjjcMvSuHrtdJwB7oelclJOKenc1zgxrpHOGsAXbGNbsGXGmdH9JXVcT+CGVEI1iG3DX8jgOLZayGNJwP0tz5tbVniaQcjqva0RkZ8jm+tK3Pmk1h1b6u9PB6CW29YWs+IrsasKqoLwbyP3xh5n8PPsNuxF25oTao+zwOjWsfgpmPYHHOWs1Ga8YJBa/VlDSdhGd235Rx7Ve4HhbKanDWN1S57ieMk2G0qWkW+EWu0/xh3qJoUOBVcn6fVejfCpWEMvqZ7JSSOXkUPQx1o6nz+q94Vj1xuM30xwc0tQ8AWjeS5h4rHaOxVEM1lsekuEsq4yx+R2tPG13EVjldSPge6OQWc0kcx5xzLXm6li0palWtNUIVglsVaUlQliaLqOo9CmYhLeLpfF7xioaKdWNTJeMdZD71iz+tb8bkWFeKYuW/rmxndmZarh82HtuQpj1LvlreMGt7eCMkX7s9v0uG/7KfTrvshqqOY8lvshaAKYi0Pa6MuBPPcW2EchUeCLVOQI5S61+gZI2lp2P8ZoPeo0mFsOy49YTQLmM64IzHcibDCBCRxvk1uxosO8ph2EZ+N6rFS2xhjbBBoO5z+ok68+y1HdXSl7Ljbc96Atzl1qeXzj8LFpcGz7zu8qKAdItHGVcLopIRJcg31ix7HNyDmkA2NstmYTGgug8OHudKNYyuFrvc1zmtNrgWaANi0KWma7izUZ9EOJxHrUGS6X6P1ZxmGpjZI6J282kHixBmT2uP1Ra/TrI6a3gnnJKtpaI8ZFlCqow0WHIgybSr6UehnxUfSKj3xzi3xg53aLlSdKCP0p9/sMt03yTtb47vKd3leicc6AnRENcwxF2e0ZOaeZMwRWOwjpIJPoRxNTMf4zQTy8aiPwph2Fw7bj1phoXiYde/wD9simisIGt4y57j22A9Qv2qMcHz8aw5hYqZqBosNgUkwG2hP6lvXO7wrjF6Quu5u22fOqXQp3gW9f3kIolOa8/rtdpwBY3gQqYy10BeQSQ9rrSMdsJGRtfK4PIvNFsAZSa2q0hztpcQXnkGwADmARrJCHbR28aafS857eEPWpozk4RUNxYyhjjE92tvgvqCPUsWuPZa3Qjuc2Y1vHmTzX4l66kIO0Ac1wmqjYlJEjBjk3rh3qp0Sksyp8+qfbVng5yZkT4bsAHKqDR6Szanz6q94peAgnmQ9pNgrKtmVmytHBdy8x5lLlqLJttWsz411ldTTvie5kgLXNOYKdp5LI+x7CWVbL5Nmb4ruXmPMs8lgdG8seNVzTYhdJWLF/QTq6klvGOsi941CtHIrtk12AfxIfeNUz6uvpDfyuTC5dGGSbsR+dQ+aH2nIfqjmPJb7IV/uzjVqor/sp9Je4BDtUcx5LfZCBF1103dddRXpTEpTrimJCgPdzs/NpfOPgxabBs7T3rL9z11qaW/wC0AdJIZZafT7PvO70DqbclJLlBHm2FU+IHJXEypsQ2FBkelR+dP8mPvT1aeG7ynd6j6VO+cu5xGPWnaw8N3lO7yvR54503dddJuuuqOJTMhTjimJCoDLQ0+Ab5wPaaimU5oT0PdaBnPUgDp1mnuBRXKcz0nvXm9drtOE3SXFcSkOKiG5CoFUcipkhUCqO1FSMFdYN64BD2At4NQf8AXVXtq9wh2TByzi3ZmVV6Nx3jqPPqr3iCHVOtdQjOp2JMtdUkzlKqyjq7KLj1A2qZrNsJWDgn7Q+yVAE9lIp6q3GgFKd+qbHIg2PSrinl8QfxYfeNTWkdNZwlbsd43lqNRzcKProfeNW2X1jqDkXJO/hctMsd3bvpcHm3/I5C9Scx5LfZCIt2l96qC/7N+NyGqk5jyW+yECLry6QSvFFdK+3SRkmSctt17ifjN8gd5UaDjKI0fc2/USecfgYtNptnae9ZhuanwEvnH4GLTqc8HtPeinSkOSikFQRaqSwI47bFSVpy2qzxXxh5IVNPsKDKdKj85d5LPin6s8N3lO7yo2lB+cu6G/FP1Z4bvKd3rv54503dddIuuuqhEslrjjsmi7LlTeJfrOwJuAcEnlKijrQo+Bb1zvgimU5lCehR8C3rnfBFMpzXnva6zjwlIcVxKTdBHqH7QDwslDqDl2J3FfHPQO5QrWaeclBPwXY3rfyUXRNl4ajz6q9tP4Kcm9b8QkaHD5vUef1fvEFfizdqGapFWMoUrTtUxUB714yVNTFNB6qLSYb5E5hzuLjpGxUVGOHH18PvGqxp5rKKxtpGecQ+9akH1HdcpW8BctssU3azaqg83/G5DdQcx5LfZCKN3b6XT+bf8jkKz7fut9kIEFeXXhKSXKKZr3XLeZtvWVHgvc8nxUwuTT0Qdbns+rA4WvrVNuS3BatVptn3j3rI9BD4H/5J9li1unOX3nd6KcKQ9KKQ8qCuxLNw8lUlT9bkRDPsVJiOwoMg0odaqPPq/FSas8J3lHvUTSr6UfuqTVHhO8o967+eMU3dddIJXhKqI1eSXbPqhM097HkuppKZeVFF2h01o4228aZ3eEWynMoM0RPAi653e1F8xzK897XSccSkuckkpLigiYg7WeTzDuUEE2PJfJWMqg1JyQScFPi9b8QvdD3fN6jz+r94m8FPi9b8QmNFprQVAv8A99Ve8Kgaxp21Cda7aiLF5r3QtWv2rQgzvUfXXTvUUvQTYpM1IaOHGf40PvGqBAbkK0cyzo+th941B9Ta4XKHdeqssd3cn3q6fzb8bkLVBz+632QiXds+lQebfjchec5/db7IVCCUklcSkkqK5xTTyluKaeUBtoKfAnzn8LFrdNsPlO7ysh0EPgT5yfZYtdptn3nd5QOlIclEptygjTqkxE5FXU6pMR40GP6VfSj91P1R4TvKPeo+lX0k/dT1SeE7ynd67TjFNkrxcvCVR44pl5S3FMvKAq0RPAi653e1F8xzKD9ETwIuud3tRbKcz0rz3tdJwklIc5ekptxQIlcoNSclKkKg1DtqqJeCfV638lU4LPqx1A/1tT7assGd4vW/EIYpKizZx/rKj2yor3EqlD9XNcqRiFQqiWS6qETPUcuSpCm2NJNhmSqLbA4DI+3b2K0q28NnXQ+8arLBcJNPDrSCz3i9vsjiVfVHhs66H3jVFfTG8rk+uVxGI7uotV0/m3/I5CEp2dDfZCLd3d16unt+yn3jkHSHZ0N9kKo8cUglcSklRXEpp5SyUy8og93PD4B/Xn2WrV6M8Htd3rI9z93gJOvPstWtUJ4P3nd5RT5TbiluKacVBHnKpMQ2FXNQVSYicigyHSk/OXdDfinJzwneU7vKY0qPzl3Q34pcx4R6Xd5XacYpJKSSuJSSVR44pp5SyUy8qAv0OPgmdafgih5zPSUI6Iu8GzrT3hFbzmelcL2un44lNuK9JTbyqhuQqDUHapchUKpOSFPYQ7NvWfFBZmsajzqf2yi7DHZt6z4oBrJbPn85m9sqL+GauW6huKU510S6M6Fz1lnkb1B9t213kg7elaQM09K+VwZGxz3ONgACStB0e0RFKBNU2dLtDeJnTylFVBhFNQMtCwa1s3mxe49PEqTF8SvfNZ1cV+NVd+j1oZlnu+ProfeNT+IVl1TskvJF10PvGqxK+sN9K8XbyeRctIxXdyPzun82PvHIRee5vshGO7xERV09v2Y+8KDHHub7IQeXXhK4lJJUHhKakKW4pp6oNNBX2hf1x9lq17D/ABB0u7ysW0PLt6db/NPJ9lq2XCXXiB53d5UVLKbeUslNuUEWoKpMRORV1UKjxE5FBj+lh+dO6G95TkpzPlO701pY0/pLuhveV7Icz0nvXacYcSkkriUklUeOKZenHFNPKgJtFn8BnW/EItcdvSUGaN31GdZ8UYOOZ6T3rhe1uPSU24r0lNuKKbkKhVByUuRQqhVCcPfwm9YO9Z/iDvCzj/Uze2UdUQO+M5NccnKhnBsPE9c5jvE/S5S7yWvJI9VlFE+gmhQe1tVVjwZ4UcR+uOJz+bmRzWYg1o1WWDQLADIAcygYlidhYGwGVubkQ1V4he+aixLxLEb3zQviFVdLqasnjVTVzXuqlQamRRqR3hoevh941dUPSKD9dD18XvGrSPsZeqNv5XIjFf8A1BMtVUh4nU0gHS14v7QQLG+4B5h3BbRuq6MOrqZj4xeWmcXAcZicAHgegHsWPzYW+FoJsWnI2IOqefmVDC8JXpSCg8KbeUspt6C0wOq1GOH79/UFuWjM4fTscOMu7yVhuipjdO2KYhjJiGhx2Nk+rfkB2XW14DRmkbvTiDG83aeR9gC09IAI7VFXLkhyWUhygi1Co8RGRV7OFU10d0GJ6aZVJPKxp9bl6JL58pKvtM8FMj2uGRFx2FUsuHPhDdaxBGRFjnxg29K6+eMU2SkkriklUeOKaellNuQWWE1eoG8z7+tHcUmsL8pJ9JQVojBFNNvErxHvniONrF/2bnZfiWg1mDPpg0eMwjJw9YPOuN66RFJTbilFIcoGpFEn2KU9RpVUUr6re5W8zgey6j6OP3uaqedrZZv/ACNx6iiDDcMjqJdSRwaSOCTsJHEoWlOCvw2Z8hBfSVLBrPaC7eZALXIHEcvQopqfE77Tmq6oq+dUD8RaCfCNIvtBXn+INP12jtCuCwlnUKeW6jOq2n67fSE2ahv2m+kJiPJCn8MivLCOMzwAdsjQmN8b9pvpCMdyrAX19dCWtJp6WRssr7cDWYdaOO/GS4A9AVR9ErlPsuREbeCqDFdCKGocXzU4D3G5dG58TnH97VIuilNVGztVUG/Jzhv+VL/VlPxXfJnhx2RSf1ZPzRSpcOxAFncyw/jikt1sn5pPybYZ/kyf1ZPzRvJsKhoBM7mGGO2Qv/qyfmrSn0Np42tazfmtaLDwshy7Sr+nT6CmZhMbRbXny/fK9/wphyEkwPl/2Ux+09KVBtUEA4GOOSU/e/skOwKLY50p++VeKNUbVRQ1GiVJJk5srr/xHKBJuZ4c6x3l4y+rLK2/TY5opbtUwIAn5NcOG2KU/wC7J+a8+TjDP8qX+rJ+aMqniUdXaBX5M8POyKS3Wyfmu+THDuOKQ/7sn5o1i2LpdhU2gIduZ4WdsEn9WT81Zx6HUoADBMA0WHhZTlz3OauVIp0FH/0pByP/AJrlcdGaX7L/AOb+yIlCdtPSpgqf+lqY7A+/Of7Lw6H0/G0nt/srqn2qUmAXdodR/Wjdfykv/pWl2AS5i1t9kt6Lq7n2pLNquAbk3PKBxu6mjJ5S1hPckfJ3ho8alj7Gs/JGQTNTxIBP5P8AC/2Vn8sf5L35OMOP/aRW8ln5IkUyPYEAf8nGGjM0cP8AKwHuRHh1NDTsEcETYmD6rQGhS59hUVBJ38LlGXIJyZqdnauXII6lQ7Fy5AqTYehQwvVyB6BPLlyCGePpS4dq5cglKNPtXLkCGbVLC5cgaqeJR16uQSotgXS7D0LlyCIpFOuXIHSoZXLkDkG1SVy5BEm2rxm1cuQSwmKniXq5AypUewLlyDyfYVFC5cg5erlyD//Z\n','Iphone-15',2),(3,_binary 'data:image/jpeg;base64,/9j/4AAQSkZJRgABAQAAAQABAAD/2wCEAAkGBw0NDRANDg0NDQ0NDRAPDQ0NDQ8NDQ0NFRIWFhURFRYYKCggGBolGxMTITEhJTUrLjouFyAzODMsPTExLisBCgoKDQ0NDw0NDisZFhkrKzcrKys3KysrKysrKysrKysrKystKysrKysrKysrKysrKysrKysrKysrKysrKysrK//AABEIAL8BCAMBIgACEQEDEQH/xAAaAAEBAQEBAQEAAAAAAAAAAAAABgQFAwcC/8QAQxABAAIBAQQECQcKBgMAAAAAAAECAwQFBhF0EiE0wQcxMjOCg7GywhNBgZKU0dIiIyQ1Q0RUc4STJVNkcXKRFFFh/8QAFQEBAQAAAAAAAAAAAAAAAAAAAAH/xAAUEQEAAAAAAAAAAAAAAAAAAAAA/9oADAMBAAIRAxEAPwD7SAAAAAAAAAAAAMe1dpYtJjjLl6fRm8UjoV6U9KYmY9kuZTe3S2nhFNRM/wAuv3g744sbzYP8vUf26fe/UbxYZ/Zaj6lPvB2Byo29in9lqPqU/E/UbZpP7HUfVx/iB0xz42rH+RqPq4/xM2o3l0+K3QyY9RW3CJ4TjrPVP+0g7IybN2hj1WP5XF0uj0pr+VHRnpR4/a1gAAAAAAAAAAAAAAAAAAAAAAAAm9/OyY+ax+7dI6Py/onuV+/nZMfNY/dukNJ5X0Sg6VGjGzUloxyD3wfK8OucfS4fNFuHH6fpdDExYpa8cqNlExvN2n1VPbKlxymt5e0+qp3g7243Y7czl+FQp7cfsduYyfCoQAAAAAAAAAAAAAAAAAAAAAAAAR/hR2lj0ez6ZsvH5ONZhraaxxmsTF+vh86Z0GWl+jelovS9elW1Z41tWfFMOx4bKRbY8VmOMTrMHGJ/2uhfB1xrpJpxma0y5Irx+avGJ4AtKS96Sy0l70sg247NWKzBjs1YrKOhjsnd4+0eqp3u7js4G8HaPV07wUO4/Y7cxl+FQp7cbsduZy/CoQAAAAAAAAAAAAAAAAAAAAAAAAQfhpn/AAeOcwey6C8H0/o1v51+5eeGv9T/ANZh9l0D4Pp/RLfzr9wLCkvekstJe9JQa8ctOOzFSWrHIN2KXE2/P5/1de92MUuNt3z/AKuveoo9x+x25jL8KhT24/Y7czl+FQgAAAAAAAAAAAAAAAAAAAAAAAAgfDXHHY8R1deswePxeK75xufqo0+ntS1bZJ+VvPHF+XXr+bi+j+GyOOx45zB7LoDcLq0c/wA+/cDsxtqsfsc/1HpXb9I/d9T9RspLRjlBz67x0j921X1Ie+Pean8Lq/7bpY5accg5uLein8Lq/wC2wbW29W2WLRptV5FY6sfHh41bhlydt+e9XXvBQeD/AC9PQzfo2r0tRkno3jhaPJ8cKRPbjdjtzGX4VCoAAAAAAAAAAAAAAAAAAAAAAAAgvDX+p45zD7Lvn24vY55jJ3L/AMNs8NjRzmD2XfPtxJ/QZn/UZPaCpxy045Y8ctWOUGvG1Y2TE14gbMLk7b896uve62Fydt+e9XXvBSbj9jtzGX4VCntx+x25jL8KhUAAAAAAAAAAAAAAAAAAAAAAAAfPvDlP+C/1uD2XfP8Acb9XxPXwtnyTE/8AuOPjfUfCnszHrNnUw5JtGP8A8zDa0V6ptEVv+Tx+bijrYqYsdceOsUpThWlKxwrWsR1RAPXHLTjlixy145QbcTZjYsLZiBuwuTtvz3q697q4XK215/1de8FJuN2O3MZPhUKe3H7HbmMvwqFQAAAAAAAAAAAAAAAAAAAAAAABOb99kpzOP3boPVeT9MLzfvslOZx+7dBazyfSj2Sg/GKWvFLDjlrxSDoYZbcUufhlvwg34XK23571de91MLl7a896uveCk3H7HbmMvwqFP7j9jnmMncoFAAAAAAAAAAAAAAAAAAAAAAAAE5v32SnM4/dugdb5HpQvt++yU5nH7t0DrvI9KO9Bnxy14pYcctWKQdHDLoYZczDLoYJB0cMuZtnz3oV73RwS522PPehXvBTbj9jnmMncoE/uP2OeYydygUAAAAAAAAAAAAAAAAAAAAAAAATm/fZKczj926A2h5Ef8o71/v32SnM4/du+f7R8iP8AlHegx0lqxyx0lox2B0sMuhgs5WGzoaewOpglz9red9Cve2YLMW1J/O+hXvBU7kdjnmMncoE/uR2OeYydygUAAAAAAAAAAAAAAAAAAAAAAAATm/fZKczj9275/tHzfpR7JXvhCzUx6Gt8lopSupx9K1p4ViOFo65+lB5K21OGL6emXPSbdV8OLJkpPDjx4WiOCDm1lox2fqNmav8AhdV9ny/c9KbO1X8Lqfs+X7geuGzfgsyY9DqY/dtT9ny/c1YtPnjx6fU/Zs33A6WCzLtGfznoV73rhrkjx4dRH9Nn/Cy7Wy/JRObJXLjxUrXp5MmHLjpXr4Rxm0REdcx/2Cw3I7HPMZO5QJ3cLJF9BGSs8aZM2S1LfNavVHGP/nVKiUAAAAAAAAAAAAAAAAAAAAAAAAYtsbJ02uwW02qxVzYLzE2x2m0RMxPGJ4xwnxv1srZuDR4KabTY4w4MUTFMdZtMViZ4+OeMz42sAAAAAY9rbM0+twX02pxxmwZOHTxzNqxbhaLR11mJ8cQ2AMuzNn4NJgpptPjjFgwxNceOJtaK14zPDjPGfHMtQAAAAAAAAAAAAA//2Q==\n','Panasonic Refrigerator',3),(4,_binary 'data:image/jpeg;base64,/9j/4AAQSkZJRgABAQAAAQABAAD/2wCEAAkGBw0NDRANDg0NDQ0NDRAPDQ0NDQ8NDQ0NFRIWFhURFRYYKCggGBolGxMTITEhJTUrLjouFyAzODMsPTExLisBCgoKDQ0NDw0NDisZFhkrKzcrKys3KysrKysrKysrKysrKystKysrKysrKysrKysrKysrKysrKysrKysrKysrK//AABEIAL8BCAMBIgACEQEDEQH/xAAaAAEBAQEBAQEAAAAAAAAAAAAABgQFAwcC/8QAQxABAAIBAQQECQcKBgMAAAAAAAECAwQFBhF0EiE0wQcxMjOCg7GywhNBgZKU0dIiIyQ1Q0RUc4STJVNkcXKRFFFh/8QAFQEBAQAAAAAAAAAAAAAAAAAAAAH/xAAUEQEAAAAAAAAAAAAAAAAAAAAA/9oADAMBAAIRAxEAPwD7SAAAAAAAAAAAAMe1dpYtJjjLl6fRm8UjoV6U9KYmY9kuZTe3S2nhFNRM/wAuv3g744sbzYP8vUf26fe/UbxYZ/Zaj6lPvB2Byo29in9lqPqU/E/UbZpP7HUfVx/iB0xz42rH+RqPq4/xM2o3l0+K3QyY9RW3CJ4TjrPVP+0g7IybN2hj1WP5XF0uj0pr+VHRnpR4/a1gAAAAAAAAAAAAAAAAAAAAAAAAm9/OyY+ax+7dI6Py/onuV+/nZMfNY/dukNJ5X0Sg6VGjGzUloxyD3wfK8OucfS4fNFuHH6fpdDExYpa8cqNlExvN2n1VPbKlxymt5e0+qp3g7243Y7czl+FQp7cfsduYyfCoQAAAAAAAAAAAAAAAAAAAAAAAAR/hR2lj0ez6ZsvH5ONZhraaxxmsTF+vh86Z0GWl+jelovS9elW1Z41tWfFMOx4bKRbY8VmOMTrMHGJ/2uhfB1xrpJpxma0y5Irx+avGJ4AtKS96Sy0l70sg247NWKzBjs1YrKOhjsnd4+0eqp3u7js4G8HaPV07wUO4/Y7cxl+FQp7cbsduZy/CoQAAAAAAAAAAAAAAAAAAAAAAAAQfhpn/AAeOcwey6C8H0/o1v51+5eeGv9T/ANZh9l0D4Pp/RLfzr9wLCkvekstJe9JQa8ctOOzFSWrHIN2KXE2/P5/1de92MUuNt3z/AKuveoo9x+x25jL8KhT24/Y7czl+FQgAAAAAAAAAAAAAAAAAAAAAAAAgfDXHHY8R1deswePxeK75xufqo0+ntS1bZJ+VvPHF+XXr+bi+j+GyOOx45zB7LoDcLq0c/wA+/cDsxtqsfsc/1HpXb9I/d9T9RspLRjlBz67x0j921X1Ie+Pean8Lq/7bpY5accg5uLein8Lq/wC2wbW29W2WLRptV5FY6sfHh41bhlydt+e9XXvBQeD/AC9PQzfo2r0tRkno3jhaPJ8cKRPbjdjtzGX4VCoAAAAAAAAAAAAAAAAAAAAAAAAgvDX+p45zD7Lvn24vY55jJ3L/AMNs8NjRzmD2XfPtxJ/QZn/UZPaCpxy045Y8ctWOUGvG1Y2TE14gbMLk7b896uve62Fydt+e9XXvBSbj9jtzGX4VCntx+x25jL8KhUAAAAAAAAAAAAAAAAAAAAAAAAfPvDlP+C/1uD2XfP8Acb9XxPXwtnyTE/8AuOPjfUfCnszHrNnUw5JtGP8A8zDa0V6ptEVv+Tx+bijrYqYsdceOsUpThWlKxwrWsR1RAPXHLTjlixy145QbcTZjYsLZiBuwuTtvz3q697q4XK215/1de8FJuN2O3MZPhUKe3H7HbmMvwqFQAAAAAAAAAAAAAAAAAAAAAAABOb99kpzOP3boPVeT9MLzfvslOZx+7dBazyfSj2Sg/GKWvFLDjlrxSDoYZbcUufhlvwg34XK23571de91MLl7a896uveCk3H7HbmMvwqFP7j9jnmMncoFAAAAAAAAAAAAAAAAAAAAAAAAE5v32SnM4/dugdb5HpQvt++yU5nH7t0DrvI9KO9Bnxy14pYcctWKQdHDLoYZczDLoYJB0cMuZtnz3oV73RwS522PPehXvBTbj9jnmMncoE/uP2OeYydygUAAAAAAAAAAAAAAAAAAAAAAAATm/fZKczj926A2h5Ef8o71/v32SnM4/du+f7R8iP8AlHegx0lqxyx0lox2B0sMuhgs5WGzoaewOpglz9red9Cve2YLMW1J/O+hXvBU7kdjnmMncoE/uR2OeYydygUAAAAAAAAAAAAAAAAAAAAAAAATm/fZKczj9275/tHzfpR7JXvhCzUx6Gt8lopSupx9K1p4ViOFo65+lB5K21OGL6emXPSbdV8OLJkpPDjx4WiOCDm1lox2fqNmav8AhdV9ny/c9KbO1X8Lqfs+X7geuGzfgsyY9DqY/dtT9ny/c1YtPnjx6fU/Zs33A6WCzLtGfznoV73rhrkjx4dRH9Nn/Cy7Wy/JRObJXLjxUrXp5MmHLjpXr4Rxm0REdcx/2Cw3I7HPMZO5QJ3cLJF9BGSs8aZM2S1LfNavVHGP/nVKiUAAAAAAAAAAAAAAAAAAAAAAAAYtsbJ02uwW02qxVzYLzE2x2m0RMxPGJ4xwnxv1srZuDR4KabTY4w4MUTFMdZtMViZ4+OeMz42sAAAAAY9rbM0+twX02pxxmwZOHTxzNqxbhaLR11mJ8cQ2AMuzNn4NJgpptPjjFgwxNceOJtaK14zPDjPGfHMtQAAAAAAAAAAAAA//2Q==\n','Back Chair',4),(5,_binary 'data:image/jpeg;base64,/9j/4AAQSkZJRgABAQAAAQABAAD/2wCEAAkGBxASEBIQDw8PDg8QEBAPDw8NDQ8NDw0NFREWFhURFRUYHSggGBomGxUVITEhJSkrLi4uFx8zODMtOygtLysBCgoKDg0OGhAQFy0dHR0tLS0tLS0tLy0tLS0tLS0tLS0tLS0tLS0tLS0tLS0tLS0tLS0tLS0tLS0tLS0tLS0tLf/AABEIAQUAwQMBEQACEQEDEQH/xAAcAAEAAgIDAQAAAAAAAAAAAAAAAgMBBwUGCAT/xABNEAACAQMBBAUGBg4HCQAAAAAAAQIDBBEhBQcSMQYTQVFhcYGRkrHBFCIycqHCIzNCUlRiY3N0oqOz0dIkNUNTZJO0CBYXJUSCg5Tw/8QAGwEBAAMBAQEBAAAAAAAAAAAAAAECAwQFBgf/xAA0EQEAAgECAwQIBgMAAwAAAAAAAQIDBBESITEFMkFREyJhcYGhsdEGM1KRwfAjQuEUFTT/2gAMAwEAAhEDEQA/AN4gAAAAAAAAAAAAAAAAAAAAAAAAAAAAAAAAAAAAAADpPSfeXZ2VxO2lTr1q1NR4+rUFTi5RUlHics5w1yXaZWyxWdtno6Xs3JnrxxMRDgo76KGdbKsl3qtBv0YKen9jqnsS8R34/Z9FPfPYvnbXifhGg/rlvTR5Mo7IyzPK0fP7Jw3y7P4kpUbyEX906dKSj5Up5EZonwVydk5qR1if77mNp747GMf6PRr3E+ziUaFPzyeX+qJzR4QnD2Tlv3piI/dxWyd8sp3FOFzbUqVCc4wlUhVk5UVJ443lYaXby0yRGbnzhrm7JilZmtt5ht43eKAAAAAAAAAAAAAAAAAAABReXdKjB1K1SFGnH5VSrONOEdcLLegmdk1rNp2iN5eWtu3vXXlzW4uNVbitOMst5g6jcceGMHDad53fY6SvBjivlEPibK7w6pneFSJ3hjziUp6obwtaOKFWGid4YbWqR+NJR5ZaX0kkf5LxWfGXpvdztJ3GzqEpS4p01KjN5y/iPEc+PDwvzm+C29I9jwu2cEYdZeKxtE84+PX57uzGzywAAAAAAAAAAAAAAABCtVjCLnOUYQisylOSjGK723yCYiZnaGvOlO9q0t26dnH4bVWjmpcFvF/Oxmfm08TG2aI6c3p4Oy8l+d/Vj5tS9K+mV7tDCuZxVOD4oUaUOClGeMcWNW3jOrbxl97MbXm3V6uDSY8HdjnPi4OzuZU5qccZi84lFTi/Bp6NFY5Tu36xt5u97L6X2ko/ZrelRmufDRjKEvm4WV5H6WdlM2P/AGrEPNy6XUb+pebR732PpZY/iL/wNfVNPS4v7DnnR6r+z/1Gp0ws0tGvNRl/An0+JSdDqfH6/wDXx1el9u9IRy/Cm17Ss58f9hNNBqLztHP4uGvtqurpwxjF+C4ueew5Mubi5RGz3+z+yvQ3jJktvMeHgv2D0jurGbqW1Thykp05rjp1UtcSj6dVh6vXUyraazvD0tbpMWpptkjp0nxhuPoZvCtr7FKeLa7f9jOWY1X30pdvzXr5cZOqmWLcukvi9Z2bk0/OPWr5/d3I1ecAAAAAAAAAAAABxu2dv2lpHiurinRWMqMpZnJfiwXxpeZFbWivWW2LBkyztSu7W3SDfGtYbPt89nXXWi58404v0NteQwtn/TD18HYszzy2+EfdrXbnSG7u5cV1cVK2HmMG+GnB98YLEU/HBja026vZw6bFgjaldnEtENJhCUSWdqoYJZbOQt9i3M0pRt60lJKUXGlJqUXyaeNS0UvPOIRGTHWdrWiPitudhXUIucratGMU5SlKnJJRXNtk+ivHOarXzYfC8b+9xdOOXjOCicdeOeHd9kafd9BDvrj25Qvh46EOmvKN5YnPVd2PaEWvvaFS0eOWHlPtTIYTEc6y2H0S3q17dKjfRld0lhKqpL4RCPi3pU87T8WbUzTHXm8PV9j0vO+OeGfl/wA/vJtvYPSK0vI8VrXhUwsyh8mpD50HqvLyOit626PA1Gly4J2yV29vh+7lS7nAAAAAAAAKL27p0acqtacadKmnKc5vEYoiZ25ytSlr2itY3mWlum29OvXbpbPlO2oLKdb5Net4p86a7sa+K5HLfNM8q8n0Wj7KrSOLL60+XhH3+jXNWrKcnOcpTnJ5lKcnKUn3tvmYvYrWIjaI2YSC5gGzBKsosKyrx/EljtybW6G3UI7MhWm5tUOujPheZYjJySS+a0ehprR6Lfy3eBrcNraqKR/ttt9HKWt4rmyqVI9ZGnOFaHDPEm/iyi1le01xXjLWZhjqtPOlyxSZ3nlLTVpTXDl9uXyzojy31emxxwcUraeOZDem080m8tRXn8hC+/FMVhKrzC2TvI1O8hW/Pmi9Qiecc07W4qUpqdKcqc4vMZ05OE4vvTWqDOaxtw2jeJ8JbL6Lb2K0MU7+PwiHLrqajGtFfjR0jPs7n5TaueY73N5Gq7Ex5PWwTwz5T0bY2Pti3uqfW21aFaHbwv40H3Si9YvwZ01tFo3iXzmfT5MFuHJXaX3FmIAAAAAGid7/AEsdxcuzpS/o9tLFTD0rXK+U33qPyV48XgcmW+87eEPpey9LGOnpLR61vlH/AFrxGT2I6JJELRDJKWAhgKosKyiFGyd0lfNO5ovGITpVY510lxQlp5ondorc7Q8Ttiu0Ut5bx/Luu25KlbyaXDBReiWIpJPsPQtPDXd41eLLeI33mWieWEuSSR4T77bhiKx4Qw5Y82oJtt8FlJYWXzZEtcUcMbz1kkQWRYUlEKgDIRvs5HYu169rVjWt6jp1I6ZXKUe2MlykvBiN4neE5cdM9ODJG8S3p0H6dUb5KlUxRu1HLp5+JVwtZU2/TwvVeOMnXizRblPKXynaPZN9L69fWp5+Me/79Pc7gbPIAAADhOme2fgdjXuV8uEOGlnX7NN8MNO1Zab8Eyt7cNZl0aXD6bLWnn193i8wOTbbbbbeW28tt9rOF9jCUeQa16BAyEsEoAhEIRaJUmHc91Vzw3k6baXW29SKT7ZxcZr6IyOjSTtl283mdrU4tPv5TDmentlXpKrX+FTlRr8MOok3wxzw5xrjGj7O1m+qxzXe/Fynlsx7M1GPLwYODnWd92uZZeMPTOvicD37RNttp96UY5fhnXzEL1rxW2WNkN5tvLEmFZQDNgIAhjANmUEx1fdZ3E6c41KcnCcJKUJReHGSeU0RMOraLRw2jeJ5S9GdDtuq9s6dfRVMcFaK5Rrxxxadiekl4SR3Yr8dd3wPaOjnS6i2Pw6x7p6fb3w5s0cIAA1Rv62lija2qf2ypOvPXshHhjnwbnL1TDPPSHs9j4/Wtfy5fu01E530FViIaQjF6DZFZ3hJMLRIBgIYCsgHL9ELtUb+2qPRKrGLfdGfxG/RI0xW4bxPtc2spx4bR5w7RvJvcyp0exZm9eb5L2s7NbbpV5/YOLnfJPudFk9dHolr4HA96Z9bbwhNaLxZEtY9WoiCBglEKsBABNRC8V5bkV2kprHishLUiWlLc2y9zO1uC5qWsn8WvDjgm/7anrovGPF6qNMFtr7ebyPxFpuPBXNHWk7T7p/7t+7cZ2vjAAB5/wB9t5x7U4M/aLelTa7m+Kp7Jo5M072fSdl14cG/nM/Z0LONTN6cTtzWSIa2Vp4flJZxO1tvNNMheJSCzAQwACCFRxalHRxakn3NPKClumzmOkO0XcVut5ZhTwu5OClj0yZrmycdt2egw+hwcMT1mXGeC7TN28ttoSbKrzIAYGAgwDZKEcsLVrvKVXuC+TlyKjwiYRknhrsxDsXawinLaPFzvRa/6i8t62eFU60HJ/k28T/VbI34ZifJrqcXp9PfH5xO3v8AD5vSh6L80AAHmDeBe9dtS8qdnXypp96p4pp/qHFed7TL6zR04MNI9n15uBKusT7PR5ARPhKE329xLO0+PkmmQ0iU0w0iQhIAAjJEqTG66ksRxjvDfHHDTYyEb8xMqtEpILQywmWAhJILxC2nENqVQn8pBnbnkhXOWX4L2ksr24rbz0gpP7rv0QMc7+tL66TK2jeHdil6c2LddbbUKv8Ae0KVTzygn7z0KTvWJfmuqx+iz3p+m0x+0vtLMHz7Ru1Ro1a0vk0qVSrL5sIuT9hEztG61Kza0VjxeSak3JuUnmTbk2+bbeWzhfYxHLaPBJarPaGvejdiSCto35wqmWY26kJEJpbktTKt4lLIW3ZQSyFjANk8hfdFsK7iZBEpJheJSCzKQTELIoNYhbEN6qK2jb8CXLl9W0y+fnp2drJcve5futi//u5ENonedn0UWRLsxS9GdAK/Hsy1l3UuD1JOH1Trwflw+E7Zpwa7JHt3/eIn+XYDZ5jp29raXUbKr4eJV3C3j48bzNepGZnlnart7Px8eePZz/vxece05H0/Sd0o6PwYXj1beyWWEzyfNcSxh+JesbuPUX4dp9omVlNZWxZDasrEQ2hILpILQyEsBDDCssIIiU0Q1hNBeEkF4WxQbVhMNPB8d3U1S7ebJh5+qy7zFVeexEst/CFi007WGkcuUdX0Uu4h2Y+U7N/7qamdmUl97OtH9o5e86dN3PjP1fHfiCNtbafOI+mzt5u8Vpv/AGidpzhGxoR+TOVetPK0bgoRiv2kiJpF42lvp9RbBfiq05Tu4vn8V+PL0nPbDaOnN72HtLDk5W9Wfl+76lqu/wAUYvRja1fMyE7+amdCVRqEIuU5yUIxWrlOTwkvHJevVw6qN6yneWs6NWpRqJKpSqTpVEnlKpCTjJZ8qZFo5ox24qxMeKESHRVcmQ3iU0yF4llBeEgswwiUWFJYQRCyJDWvNNBrCQWXxDor0ct0X2Uru8oWzbUas8Ta59XGLnPHjwxZNY4piHPrtT/4+C2TxiOXv6Q4jpTTpx2hdwowVOlTua1GnBNtKNObhzev3OfOaWiInaHhaS9r0i953mXwrTylHox6se1bBY17WQ3pHDG89V9JY8rDpxxtz8W7ty9bNlVhnWFy35FKnD3pm+mnlMe18v8AiWm2opbzr9JlsA6Xzri+kPR+1vqXU3lGNannMc5jOnL76ElrF+Rgak6QbiJZctn3ia7KN7Fprv8AssF9Dh5ydx0HavQDbFo252VeUcv7Jar4VBrvfV5aXzkhMVt1htiz5MXctMOvu9mm4yS4k8OMlwyTXNNdjMpwV8HfTtbNHeiLfJsPcjsj4XtB15xXVWMY1n25uJNqkvNwylnvgiIxcM77q6jtG2Wk1iu27rPTB/8AMr/9OvP9RMxv1l36Wf8AFX3OMiUdtVkSG1ViIaQkguyFgIYAw0FZhOi9RK+Kea2SwQ3tGyOQru+mnyIddOdXd9ztBS2pxP8AsratUXg3KEPZNm2CPXeH+ILbYIjzmHUOnNnKltS9hJYfwqrUXzKkusi/Vmib96XNopicVZjycTTXb6DOXp0jxldBdrIb1jnvLLuIJ6yXpyXjHa3SEW1mDFO97xHxbX3E7QjOV5Si28Rt6iysLnUTa+g6MWK9N5t4vm+3Ndg1U09FO/DvvO3ns22avBAAAD4to7JtrhcNzb0LiPdXo06y/WTAhsfYdraRlG0t6VtGcuOcaMFBSljGXjwA8vdMf6yv/wBOvP8AUTOS/WX0Gm/Lr7nGRKO6q2BDaqaDSEkQ0hIhLDJRIEwy0EzCMHqFKTtZ9jWUQ75jeqklz9F9F6ES6sM8myNyNLN5cT7Y2yj5pVIv6iNtP3pfP/iKf8dI9v8ADiN/exrlX9O6o0a06VS2hCc6VKc4xrQnPPE0sL4rhjPc+46prE9XzeDUXxd22zVTu58nNprmn8ViMdPJvbtDUfrWW0KlV8NONStL72nGdWXoWTSIrDmvnyX71pn4uy7F3e7WuWursa1KLetS6XwWCXfieJNeRMtxQxbr3ZbvpbM6ytWuFWuK0I05QpRcaFOKecJvWbz908eQra+476UAAAAAAPKvT6lw7Vvl33daXrTcvect+svf0s746+5wqM3dC2JDeqUQvVNENIZCwwiRAhNENIVzWGSxvG07vroPKId+Gd6oVESzvGydBkS0wzzbT3Hx+zXb7qdFemU/4G2n70vB/Endx/H+G3DrfKMOKfNJ+UAkBkAAAAAAAAB5h3pU+HbF6vykJetRhL3nLk7z3dF+VDrETN6FVxDdmIWqsRDSGQvAwiWAJxIaVKi0JhGSN4TtJCWmlt4LqkSIdGSqFJ6kssc7S2vuO+2XnzLf21DXT96fg8P8S9Mfx/hto63yoAAAAAAAAAAAPNe+Olw7ZuX9/G3kvJ8HhH2xZzZe89zQz/ih0+BlL0adVkiG1uqUQvVNBpCRErQSBLAQsgG1CYRZCg8MSphnaz7mQ9KeahrDJcsxtZtXcfL7NdLvpUn6JS/ia6fvS8b8R88eOfbP8NunW+TAAAAAAAAAAAB5s3yVuLbNyuyEbeC8nUQl7ZM5svee5oY2xQ6fTMpelj6s51IX35rIhrXomgvCSIXhiQRboICymQ2p1SqILXhQuZZzRys++m8pFXp0nesK6hLK/VsfcjV/ptaPZK1k/PGrT/mZpg7/AMHj/iCN9LWfK38S3Sdj48AAAAAAAAAAAHl/ehU4tsXr/Kxj6tOEfccuTvPe0cf4quuRM3o1ECOq2JDevRKIWqmiGsMTCtmVyCfBKAlei6S0Ib2jeHzTRLktHN9VtLTBDt09uWyVRErZId43N1+HaSj/AHlCrBeL0n9Uvi/Mh5PbVeLRT7Jif4/lvY7XxYAAAAAAAAAAAPKfTipxbUvn/jLmPmjVlH3HJfrL6LTR/jr7ocOUdngzASmi5EOiCIKrEQ2hiYVszHkEx0ZiJTVeiHVHRTViTDnyVSt5ahbBbaX01URDsyRy3di3a3HBtS1b7akoevTlD6xenfh5vaNeLR5I9m/7TEvRR3PhAAAAAAAAAAAAeTulrztG9ffe3T/bzOO/WX0mn/Lr7ocWyrpmeSdMiV8a1BvBEgr1WoNoRmFbkfcE16JIJhdBkOms8ioiUZK7wpjow568pfanlEPRieKj6+jdbq7y2m+ULmhN+SNWL9xPjHvhx5q8WK9fOsx8nqA9B+egAAAAAAAAAAA8ndK/6wvP0y6/fTOO3WX0un/Lr7ocWyraU6ZEtsaxhqRBXquRDeGJBFmF2eQIjpCQWW02Q3pKbQazHJS0S5ph9FB6ES6sE7wxyYt0lG21nqu3qcUIz++jGXpWT0IfnF68NpjyWEqgAAAAAAAAAB5Q6XxxtG9Xde3S/bzOO3el9Ng/Kr7ocQyrWVtNES3pHJKTC9pZiCq5EOiGJBFmESiOiRC8JwIaVXRDeOcK5IllMJUWRK2GdpTqcyfBpk5S9NdFqrnY2k3q5Wtu35XSjk7cc70ifY/PtZXh1GSI/VP1coXcwAAAAAAAAAAeXd49Ph2ter/ESl62Je85L96X0eknfDX3OtlHR4r4EOmnRiQRZKAWouRDohiQLMBVlBaE4kNIWwYbVlmSC1oQjzJZ15SuqIQ2yRy3ekeg087Ns3/hqS9Ece47MXch8B2hG2qye+XOGjjAAAAAAAAAADzJvUWNsXn5yD9NKDOTJ3pfRaP8iv8AfF1SKKOmq+JDqjojIlSU6ZDSi6JDogwBhhWYYQIWINITiGlZWohvCEkSztGyx8hDWedXoXdjNy2TaN/e1I+aNaaX0I68Pch8J2tG2rv8PpDtBq84AAAAAAAAAAPMW9Cedr3j/KxXopxXuOTJ3pfRaT8irrEEUddFhDfdF8yWc9VtMiW9FyIdECBDDQRMckQzTiGkJoNYWxYbRKTC084ZgtCJWrHLZ6E3Zf1Ta/NqfvpnZh7kPg+1v/rv8PpDtBq84AAAAAAAAAAPJ3Sm8Va+uq0XxRqXNecHzTpuo+H6MHFad5l9Phpw461nwiHGxIb1SbDTdFBTxX00Vl044XB0IhTokF/BCSDO0MxCapphpCyIbVWRYaRKcURLSsPQu7eONl2q/Em/TVm/edmHuQ+B7W/+zJ7/AOIdlNXnAAAAAAAAADq28zbcrTZlerTeKs0qFJ8nGdR8LkvFR4mvFIpedqujS4/SZYiXmNnG+llJErQNgmSII6vppoq7Mcckw0RYUlKIXrPIkgmYRQUjlKaC/inFhpWVqDaFkSGtXoDdfW4tlW+uXHroPwxWnj6MHXg/Lh8L21Xh1t/bt9IdqNnlAAAAAAAAADgOnPR5X9jVts8M3ipSljOK0NYp+D1XnK3rxRs30+X0WSLPLdSLTaaaabTTWGmuaaON9NvvzgQWhhhEswCaPrgVd1OjLC0osKMoLQmkGkQw4hWaiBCaRK8QtgiG9YWoiW8Q3nuisalLZ/FPKVetOtTi01w08Rgn5+BvyNHVp4mK7+b4jt7LXJq5iv8ArERPv6/LfZ3Y3eKAAAAAAAAAAHSul27SxvpSrLitbmWsqtBLhqS76lN6SfisN9rM7Y4s68GsyYuXWGutp7mtoU2+oq29zHs+NKhUf/bJOK9YynDPg9GnamOe9Ew63ebv9rU/lWFZ/murr/u5Mr6O3k2/87Bb/Zx/+7t9H5VjeR+dZ14+2JWa28nRj1OH9cfu5e06EbUqLMbC4S/KQVF+ieBwW8nRPaGmr1vH1fUt3O1/wKX+fbL649FfyU/9ppv1/Kfsy92+2PwJ/wDsWv8AOT6K/kj/ANppv1/Kfsj/AMOtr/gU/NWt39cj0d/JMdqaX9fyn7Mrd9tb8Cqf5lD+Yejv5NI7V0v6/lP2WLdztd/9FLz17Ze2Y9HfyJ7W0n6/lP2fZb7qtqS+VChS/OXEXj1MlvRXYW7Z00ec/D7uXs9zl0/t13b0/wA1CpX9vCTGC3myv29jju0mffy+7n9n7oLSOHXuLis1zUFChCXmw39JeMEeMuW/b+ee5WI+f2+jtOy+huzrfDpWlLiWqnVTrzT7055x5i8YqR4PPzdo6rL3sk/Dl9HPGjiAAAAAAAAAAAAAAAAAAAAAAAAAAAAAAAAAAAf/2Q==\n','T-shirt',5),(6,_binary 'data:image/jpeg;base64,/9j/4AAQSkZJRgABAQAAAQABAAD/2wCEAAkGBxMTEhUSEhIWFRIVFxUVFhgWGBIbFxYVFxUXFxYVGBUYHSggGholGxcVITEhJSkrLi4uGB8zODMtNygtLisBCgoKDg0OFQ8QGjclHR0rNysrNzM3Ky01LSswKy0rLSstNy8tLS4xLy8rKysrLTcrLS0rKy0rLS0rKy0rLzg3K//AABEIANoA5wMBIgACEQEDEQH/xAAcAAEAAQUBAQAAAAAAAAAAAAAABQIDBAYHAQj/xABDEAACAQICBgcEBggFBQAAAAAAAQIDEQQxBQYSIUFRBxMyYXGBkSJSobEUI3KywdEzQkNTVGKCkhVzg8LSJEST4fH/xAAZAQEBAQEBAQAAAAAAAAAAAAAAAQMCBAX/xAAmEQEAAgIBAwMEAwAAAAAAAAAAAQIDETEEEkEhUZEFE1JhFDJC/9oADAMBAAIRAxEAPwDuIAAAAAAAAAAAAAAAAAAAAAAAAAAAAAAAAAAAAAAAAAAAAAAAAAAAAAAAAAAAAAAAAAAAAAAAAIDWXW7C4JWq1I9Y8obS2n48l8e5mjaU6Ra+6UJQinvSjFNWeW+V7/DwA6wDTNQNdljtqlUSjiILa9m+zUhdJySeTTaTXemuS3MAAAAAAAAAAAAAAAAAAAAAAAAAAAAAAAGHpPSVOhHaqPwSzk+SQGRicRGnFznJRhFXlKTSSXNtnHNeelmT2qOAexDJ1mvbl/lxfZXe9/gedImk8TjIqFPsbV3BSSVuG+TSl4/A0B6GVN/XSUp8IQ4fal+C9UURlFVK9Ryk29+1KcrvPi297b5Zv1J1wcrcIpJK/JK3rxfeyuFNRS2rK2UVkv8A33k5q/qtisc7047NG++pK6guduMn4fAIleiPC7WOco9mnSm5Ph7VoqPndv8ApO0kFqlqvSwNNwptynOzqTecmr2VuEVd2XeydIoAAAAAAAAAAAAAAAAAAAAAAAAAAABD6yafp4SntTacn2Y3t5t8F/8AEBf01peGGhtT3yd9iKzk/wAEuL4eLSfNNJaRqVpupUd28uSXupcEROO1iqYmq5Wu3xfLglH9WK4K/Hm23RpTGdTC77TW5d4FrTOklTWzHfUlkuXeyAimnvvKpJ+O95JLmKcZOV98q1RpJJNv2tySXFvkdg1C1GjhksRiEpYl74rc1Rvy5z5y4ZLi3UROpnRxe1fHK7e+NHlydV/7V58Uum06ailGKSilZJJJJLJJLJFQIoAAAAAAAAAAAAAAAAAAAAAAFLmuaAqB4pLmegACC1v1jhgaHWSs5zexTi8nLm/5Ut7fgs2gKtZtYYYWFlaVaSvGPJe/LlH55Li1xjSmNq4uq5zk5b+PF87cuS4LzM/E4513KcqnWSnvlK63vyySyS4WLuD6umub7vzAqwGDhSg5zdoxzf4LmzVcZi3WqSrS7KdoLh3fAzdYtJurJUYvdxSyXcT/AEc6sfSq3Wzj/wBNQa3PKpUzUO9ZSfkuJRtPRnqj1UVjMRH66avSi/2cGu01wnJei8WdBAIAAAAAAAAAAAAAAAAAILWPWzC4KN61VKTyit8n4RV38N3E5PrJ0uYireOFh1UPelZz/tT2U/FyT5AdrxukaVJOVSpGKWd3kub5LvZpml+ljA0rqEnWkuFNbXpLsP8AuODaQ0jVry2q1SdR8NptpfZjlFdySMWxdDqmkemis7qhh1FcJTl84JP4SNcxnSbpKplWjT+xH8KjkjT1EqVMIl8Rrdjp9rFVPLZj9xIxf8cxX8VX/wDNW/5GIqJWsOwMmOnsUv8AusQv9at/yJDD67aQh2cXU89iX30yHeFZS8O+QG64HpX0hC21KnU57cHd/wBjSXoSMukWhiakJ4yjUjKKcYuEoThFO209lqLV7K9trJHOKa2Wm43Se9c0eV6ilJuKsgO76KhovGr2HRqStv3bFVLm7WnFeNiP1j1OjH2cJXn1ssqU7TWW76ztQ8XtHHaFKSj1sXZwad07NPmmt9zbdXekOtSvTruU4SWy6kNlV4rntPdPzs+/gFR2jdG1XWdDZf0mVR0dl5xnezu1wWd+W8+i9B6KhhaFOhT7MFa/GUs5Sfe3d+ZpPRtoTD9dVx0a8azqO1F77xWytty2t6qcGs0r+9u6KQAAAAAAAAAAAAAAAw9K6Sp4enKpUklFJve7ZK738EBexeKhTi5zkoxW9t+px7XXpXlLapYHct6dVr7iefi92e57mavr5rvVx03GLccOn7MctuzzkuWTUfBvelbUkiivEV51JOc5OU5O7lJtt+LZRGBn4PR0pb8kSf0KMVuRUQccKyvqEZ9YxZyAsuJaZXOoW0BeowM6jRMKntcmZdKpLkBn08Mi48EjGp4h8jJhj7ZoDHraOI+vgrE4sdFlqvOLyfyA1udNrjYtuJLV6aZgVIWAkdWNYq2CqqpTd4u23TbajNLnbKS4SW9Pmrp/R2q+nqeMoRq03dNcbbSazjJLKSefDJrcz5clE3Xos1ilhsUqTf1VdqNm9yq5U5efYf2lyRB9DAppzUkmsmrlRFAAAAAAAAAABTUqKKcm7JK7OAdKetssTWlQg/qqbtKz3SmnluzUX6yu8lG3UOk/TrwuEk4u1SVox+3LdF+SU5/6Z86FgeJEtorAbTuzBw1K7sbNhWoRsVGTZRVrEbjMSke4rEN7kWaWEcndgYM5Slkiqno6TzM2viadPcval3ZebI7EY6c+NlyW4DJeEpw7Ul836Ioli6Syi36Ij7HqgBlvSPKC8zz/ABGXux+P5lhUipUmBkQ0i+MYv1/MvRx8XnD0f5mIqLKupAz4OlLJ2feUVcHJb1kYqpGVhqkovc93LgBhzTRZmzYFQjVWVpcvyIjGYJxYGCjynJxacXaSd01wayfqVRR4wPqXV3F9bh4VFlKMZLwnFT/3EkQmp1FwwlGDzhTpRfiqUEybOVAAAAAAAAAABxrpzxT26NPhepJ/0xpqP35+pyuCOrdOeDe1Qq/q7VSD8ZQpuP3J+hy2CLCMrAx33JFzeSMHCExo7C7TuyjzDYTdtS3JZsj9IaQ2rxp7oZd8vEzdL19p7EeyviyM6hgYbgVxotmdTwplU8N3ARsMKZMMGSUKJlUsPcCKhgy9HAomI4YqVACKjglyKlgkSvUiVMCKeBEMLbgSigHTAw6eGtvRXi8Ltxb4mXTiVqJFaPiqWzIy9V9FPFYulRteMpJz/wAuO+d+W5NeLR7peNpM23QGAeCwrm0/pmLjswX61Og3vfNSk/w4xZLTqNusdJvaKx5dc1ZrqpSlVXZqVJuPJxg1STXc+rv5kuYWhcF1FClR9yEYvvdvafrczSRwW1udcAAK5AAAAAAAAaj0kaH+lYZ0lbblvpN/vqd5xjfhtR6yN+TPnlJp2aaa3NO6aazTTyZ9U6WwXXUpU77Le+MvdmneEvJpHDNbNBSrSnWpQtiIt9fSWbktzqQXF80s/HtN+unXbuvdHjlq2BV2bRS9mn3s1XR895tF7xR05R86KLapmZKJbUQimMC9CJ5FFyAVcpUzJizGjMuKoBfUiuLMZTLimBkXPLFpSKtsCqxS0eOZblMguoVJbjzDUpTkowi5SeSSuyTrzo4P9Js18UsqSd6dJ86slnJe4vhuZzMxHLulLXnVYR+jdEQpJYzGRum74eg+1WlwnJcKa3O/H0Uth1Nwc8XjOvq+1sNVJck1+jglwSaulyiazCVbFVtubdStNpL8IxWSS5ZLedj1a0OsLRVPc5v2pvnJ8u5ZLw7zKJm9v1D3WpHTY5j/AFZKgA2fOAAAAAAAAAAANG1+0JJP6bQupR/SbOdluVTv3bn3W7zeTxo5tXcaaYsk47d0OGYzAYfFvabjhsV7/wCwqvnNfqS/m9b7krNbRlah7FaDj7ss4SXOM1ufO2fcbZrpqk6LdehG9F75RX7PvX8ny8Mtc0fpitRWzGV6bzpzSlTf9Ly8rGX3ZpOrPofwqZq9+GdfpHSgWXE2WOJwdX9JRnQk/wBai1KF+bpz3xXdFnktXoT/AEGLoz5KbdKb/pn+ZrXJW3EvFk6XNj/tWWt2PGybxGquMgrvDza5wtP7rZF19H1o9qlUXjCa/A7YLUZnvWGPNtZ3+JRF33LeBmqqOtKaGj68uzRqy+zTm/kiRo6q4ySv9HlCPOo4U0v72iDCVY9VQz/8GpQ318dh4d1JzrTT7401ZPzPHpDAUuxRrYiXOrJUqfioQvJrubRzOSseW9Omy34qxaFOU5bMIucnwim36Ikp6Np0d+MrKm/3VO06z7mluh4ydiMxetGIlHYg40KfuUIqmn4yXtPzZDJGVs3s9mP6dPOSfhsGM1llsunhYfR6T3Npt1pr+arml3RtbertEVhKDbSS3vcrc+RXozR1StNU6UHObyS+b4Jd73HXNUNTIYW1Sradfhbs0/s3zff6d/ERa8+re+TF09dRD3UjVf6PHraq+ukty/dxfD7T4+nO+2AHpiIiNQ+RkyWvbusAArgAAAAAAAAAAAAAGaVrHqHCpephmqc83B9h/Z93wy8DdQc2rFo1LTFmvindZcMx+jatCWxVg4S78n3p5Nd6MZndsVhoVIuFSEZxfCSTXxNT0p0f0Z76M3Tfuv2o+V3derPNfp58Ps4PqtZ9Mkac1pYicOxOUPsykvkzJhrFio5Ymr5zk/vNk1jdRsXDswjUXOEl8pWZBYzQmIh26FSPe4Tt62sZdl6vb9/p8ntPwqnrbjf4mfpB/OJalrhjv4qflsL5IjKtMtOkXdvdzOPB+MfEM2vrDi59rFV33dbUS9E7EbWquTvNuT5ybb9WXFQbM7DaAxE+xQqy71Tnb1tYamU78dONQirixuGA6PMbPOnGmudSS+Ubv4G06M6MKUbOvWlP+WCUV4Nu7flY0jFaWGTrcVfLldKg20krt7kuLfKxuurnR7XrWlWvRp96+sa7ofq+MvRnT9F6Ew+HX1NGMHle15Pxm7t+pIGtcURy+fl6+1vSkaR+htDUcNDYowUVxecpPnKWb+S4EgAbPBMzM7kAAQAAAAAAAAAAAAAAAAAAAAAAABRUoxl2op+KT+ZaWBpfuof2x/IyADamFNLJJeCSKgAAAAAAAAAAAAAAAAAAAAAAAAAAAAAAAAAAAAAAAAAAAAAAAAAAAAAAAAAAAAAAD//Z\n','Frying Pan',6),(7,_binary 'data:image/jpeg;base64,/9j/4AAQSkZJRgABAQAAAQABAAD/2wCEAAkGBxITEhUTEhIWFhUWFxcWFRgVFRUXFRgVGhUWGBUVFRUYHSggGBolHRUXITEhJSkrLi4uFx8zODMtNygtLisBCgoKDg0OGBAQFy0fIB0tMC0tLS0rLS0tLS0rLS0tLS0tKy0tLS0tLS0tLS0tLS0rLS0tLS0tLS0tLS0tLS0tLf/AABEIAOEA4QMBIgACEQEDEQH/xAAcAAABBAMBAAAAAAAAAAAAAAAAAQIFBgMEBwj/xABJEAABAQUEAg0HCgYCAwAAAAABAAIDESExBBIiQVFxBQYHEyMyM0JSYYGhsRRDgpGywfAIJDRiY3JzkqLRFZPC0uHxF4MWNVP/xAAaAQEAAwEBAQAAAAAAAAAAAAAAAQMEAgUG/8QAJREBAAICAQQCAwADAAAAAAAAAAECAxEhBBIxMkFRM0KRExQi/9oADAMBAAIRAxEAPwDsRO/fVu9tf9IJ33DS7nXqQTvvFwwr26tSCd8wsyIqdOWSBI3+Dpdz0wlTtSxvcFoz1dSCb+ASLNTphIoje4MSaFTqr1oEj5nv/VRLGHA9+udER81zul366IjDg+d0tc9aAjd4Kt7PXKiAd74Ot7OkIyp2IBu8GZtGh0RogG5gamWqHRGWepAA71hre7OpIOB+te7Kf7Sg73JrETTq9aBwXGxRp1Q160ABvM6x7EgG9463sqQjOqUDe5tYo0+CgC5iamGqDRGeaBALnC1vZaIzqlhDhdOWuVUDDwhmy1QaIzCIQ4Q8U5a+5AkPPd36aohHhdGWqVUv2vN6P6dVUV4QcUZau5AhF/hKXctN2dUsN8x0u5VjCdUhxcIJMs1GmEylIv4mZBmo0wnkgQjfp8W721QeGphu9tf9JSN9mzhhX4CCd94uGFeuOrUgCd9w0u9vUkJ3zg6Xc6xhKnalaO+SZkRXr9SCb+BmRZqdMJGmtARvcFS7nq6kRjwPfqnRBN7gxJoVOqqIx4LndLv1oCMOB7/1URG7wVY56+pEfNc7pd+uiAbvBmbRoddOtAkbnB1vZ0hGVOxKDvWGt7OnUgG5gMy1Q6IyCAd7wtTJodGWaBv8N+t3f5QjyFvp+KEDjj5PDCuUdFEE35MYSKmke0IOLkpactXvQcUncmhxsu/WgTjYWZNjjGkYSMxMzSxjgEmxVrVWdUGcmJNjjGmuetFcLPKZnxmgSPM850u/jVotI7MOALu+AtdNkFofnA7Fi2xNgObnPbbYYaOd1psXhHrZiNRUE/t79m1u3DFmJcFiJfCMGTilIQELrMiYm/Kk5QsA2acAQLZLRo1vbww0TuxC1X22uxOhB9aGWSYwabDYA7WmRCFUx43hivPO6nb3jy2tMNNEsOwLjMZMxAvEDSSB6hoQegnG3rYwDFb7O0cjvrJh+aCe426bGjj2+zN6OHdmGnjFeSUKEvW7rblsaI39kLK3o+cOzD8xQ725bGgktbIWVoGg8odmHYWoBeSEIPW7G3LY0Ek7IWUs5M+UOjDRItQkgbctjb0TshZSz0fKHXhegvJCEHrf/wAy2NvXv4hZbnQ8odaOjehWaDty2NvRGyFlDPR8oddsr0F5ITmgICc8xCn7oPWre3LY0kEbIWUMyiz5Q6EZzkGoGKHm3LY0kFnZCysgVHlDoR7A1BeSEIPW73blsaYXNkLKxp+cOhH8rSH23LY08S32VjT84dCOjitfEV5IQg9cPtuexpGG32Vk5nyh0I/laWN9t42MgALfZ2WhVoPWJ6ZsmJ0ryWhB6x/892LagwzbnAblivwB04lPuXzLbIDDQaJAIeMkFkisQ2KiC8Xr0LuA7IPHtheu2miS6e3XUasslkNNMhrRWulB0+PM850u/jVoiMMBm2aNVrSdUfV87p/zqQJYWuUyPhNAcXC3Ns8U1hGQmZiaAbknmImhrDtKBKTc2zxTXVPWgYZPJtc3Pv1oG+SPen+ppCN5fdLvQgU/Y+l7uN2pT9lxud8HrQZcj6Weqvagy5Ljc7Px60Cfc5Tnf1VlVL93lc/fWSDpY5Tnf1SMqo62eUz98qIIvbABvbEeU313H8w7KLA0ZlZ9sAG9sE8pvruNelopRazZmVMIky0HCV5z3SPp7zUz4L0VaDhK88bpg+fN/dZ96SQnrBtJsLbDBaePw00yCYFiAJAOYpE+pb43N7H/APR9+dj+xFheYGPus+AUxZraRmrOxxN0N/xtY/8A6PvzMeFxY3m51ZBz335mP7FcXbwEIaZkmohx3TPypjG59Yzz33Y2x/Ys/wDxvYsnj/rxMf2KytsHKuYWRy2FPbEue60eZVP/AI2ssZNPtZaYh7CVrc4sY84/jrYA8DFXR0/hWKVplk0Kaj6T3T9qSNzmydN9+dj+xMZ3PbJOLb787H9iuT5iGXrOWaxgx1LqKQqtltE62qQ3OrJCN99+Zj+xPG5vZOm+/Mx/YrbDRROZ1p2wRkt9qedziyQ4778zH9iaNzux5tvhqLB/pCutFheKIrH06m9teXMtvO1azWRy7bcPHrTTTd1oPAyAMJOG6TGYrJdG+Tv9EtN3j7+Lv8tmPVSKqO6j9Hd/ij2G1cPk7j5laCOPv+H+WxHuKqvGpX4rTNdy6tr5X4h1UR97lcvdSSXrPK/EJUojra5TL3SouVhB9pynN/ppKsUo+143N+B1oGl5x+b/AEyEqxQJ8rxubl4daBsH/wAXUIvv9HcyhA44eSxRrnqp2oOGbubRqKw7NaCN75PFGucIUogi5iYxE1FYZ5IAyxMTbPGFYRmZZTQZYmeUNR4yQRdxszaNRWEZmQnVEIYxNs1Z11lVBE7ZAN6YaJxl86iI/XGS1m6lbO2VgF0w2TiL51EelClVqNGZ1qYRJloOErz5unj5819xj3r0DaDhK4Dupj57rdMH2kkhM2Z/hZHUPBbjq0TCinAkNQ8FmZJW2tWK1ljsdrUmw/iFWrEySp2yBL0hVGXU6bV5OcgSynPTBOAzTnTmJkQIaSB6o1KpaIttuhhohqLLMAIskQHOAk0KiBMz4plndCIJZq1BkGcozJ0wpr1ELKzepgEakNMzoYVllIe5PdsmMQ1Ag5t5xBiZzqoTMRLRLEWDECTTM85huMzqHqWJmC2n7ogQixUE42SZRAz6ytcAxIahI5aV3DNbiTmRmstyNAm3YZy96yOxrUSmu2Jt2YLC07W6SAsDZEZJDqyibqQ+bO/xR7DauXyeRCwv2hxvKTAf9TuMtRVP3VR82d/ij2G1cvk9CGx79ocYWlqA08E5jKuapyezV0/o6l9bzmju4upFcTUngoKapIh5zn9HupWiAI4zJsUZ1UlVcLhXE3JscUUjCYlnNAxTeSaFBSPZrQBextSaFBSMJiRnVAF+beEigpH1oG+UPuj+koR5Y96H6Wv3QgcRvXFxR92rWgje8QmWstGaSG8/WvdlPXpSkb1ireypDOqBCLnCCZaqNEZpSLvCVJy1pIXOEreypCM69iWF3hdOWvrQRO2V3F0w8zL51L0oe5aTRmda3NsruLph5peupekBXsWi0ZnWphEmWg4SuCbqv00fhMf1LvNo4pXBt1T6aPwmPFpJITFld4WdQ8FsMuwksvEZ+6z4BbDtzEr0Ijh51pZrEzNTzl2MlH2ay9Sk3DEFFlGomWwwCkadrKxBZIBZ5a6NYMJDMQTngPxmhkqYRkYGZE6esJzL3T/gpzUIxSMkUgrGTevllZaz/wBrIw+JI1SisbtjQZJxYEIrmYhbW0ntCOaY27600gmicwz1qPDv2+FG3VWT5M7/ABh7DauPyepbHvm82bU1LW6chVPdaHzZ1Pzw9htWz5PWHY9830bS1LW6ciqov5bcEao6lDzufR7kQvcIZEZakkPPfp/TX/CIXuFpDLV1rhaUC/whkWaDTCfvQBvmIyLNBpzSQv8ACUu5VjCde1LDfcVLuVY5oG/xBro+KEfxP6v6v8JUCjga4o+7/aAN7xGd7LvQOD4+KNM4QrXWgC5ibxA0FYZ5oAYOEMw1lojP3Ihd4WoOWtAw42pstUGiMxIyoinCGbJoNdJUQRG2Z3F0y8jIvXUvSgo9ozOtSG2dkl0y2DhL11AekBSii2jM61MIkloOErg+6n9NH4THi0u6PzhK4XupfTR+Ex4tJJCfsr0Bhn7o8AtmyP7zUB2qHZJLIA0DwUnZXoYZh6+sr0o8PMvC2bFvhCEO1b75xCeSrOxtsEVaXWyDLTF1o6lnybrbh3WkTXlrM1WcLC9EIGNU5ltRPKKzor1mKxFZ4LG8ZSIdWlrtsJWWU4NQK2GGRUepWeGaaxMsboRWYuDmVnZd/BTzEZAquZW0pry0rpSkSktpppnORWsSTRI5TbUeJUbdZHzV1+MPYbVt+TzLY9830bS1LTFy5Cqm60z80dfjD2G1a/k8y2PfNGgtTURpi5cgSVGT2ben9IdSh57LR3VRC9wtAMtSPtOZ0e6lKohHhBJkVGqsqLhcDj4QSDOWmE/egjfMQldy70HFjZkyzUaYTMhKiCL+JjCBUUjnkgP4kOifWhHlzvoH1M/uhAgFzlcUac6GmvYiF2bzEyaCsOw0kgS5afRz107EolN7Nnm5+HUgQYcTc2DxRWEZiRkJIhDE1N2aM11YaJRKbfE5o9mWpHW1yeQ8JIIfbOyS6ZaBwF66gPSGVFEtmZ1qW2zg70yRxN9dQHpaNahmzM61MIk1+cJXDt1H6YPwWPFpdufnCVxDdQ+mM/gseLSSQkLM1IagsNotd0QJzPqSCMBDQFG7Jk19a3zPDHFdy3rHsqWSJy8Va7Lbhvd4nESAJ0ABiuaBsxU1Y7aboEUrzPKMtNV4XqzbKkyjJSji1giR+Pj3Ki2W0qYsdr61otiiY4edN7UnlbWHsVss0UHZbSpmzPQQs16aX0ydxG3YTXYgVstMrG07gkFo+Ww7IKRsAUJ8QsF5LeXPanv4K8dk6u1YA1LMd4isrb1Yd+hHrUxEqr2jal7rDR8ldR/+wp9xtW35PMtj3zR4otTURp4FzCWaqG6s8jZXX4w9htW/5PP/AK98TxPKmr38lzCWtZcvs9PpJ3ih1GHP830e7i0qiEcTMmBUU14aJevzWjxlrR1s8nmPGSraSEXsTEmBxhSMJmQkZIIvTd4WRUUj2CqUzmxxOdlrlqQZ8lJnnZePUgPKXPQ/SEI31xo7ihAD7b0ffxexH4vF5vwzOiBPlpaMtdOxAnJ5Jnm5fEkB+JyfN/ppOkUfe5LL3UmgTk3JgcU0+7PUjqa5PI+E0EPtovb0zDk99dQp0vXVQbZmdZU5tpJ3pkDib67gfS061X2zM61MIkj84SuJ7p/0xn8FjxaXaH5wlcW3TvpbP4LHi0kkN2EhqHgmNsAggrKwJDUPBMAW2Z4Z4jlofwi8CWahajDssmBVp2Eesh5daoVI7LbWwcbHqVsVidM9s01mYsqlnbKlrI2U1jY0smYW65sZC10rryw5slbRwk7I2pmwvoKHsrkqQcSM1xkrtRXJqdp122ssYrSs9FssMrHMalurfcGPQsMVstsrXeMKaq7QaSsTYTljbbXenE8qbupfRnf4o9htXP5PP/r317ieVNXv5LmHXVUndPbjZnf4o9htXb5PP/r3wPE8qavfyXMJ61iz+71ej/FDqWrkviPXVJ93ks/fWaX6o5LT/nWjqZ5PM+M1S1A/Z8nzv6qzpBJ+Fxed8NTolMpMcQ8Y11z1IMpOps87P4kgTgPi8lRvbjSPWUIEBv8AK4YU5sdNaojek8wsihpHtNZJRwnHwwplGNa6kA38LWEChpHLNAgN7C3JgcU0jCQmZGSIxwNSYFGqUpiolGLA1Jlmh0wkJmVEV4MyZFDqpOiCG20tEOWWQMAeu4H0tNFXXhmdZVi21NkOQwBhD13A+lGtFWnhmdZUwiTXxwlcZ3TfpbP4LHi0uxvzIrje6Z9LZ/BY8WkkhIMmQ6wPBIIgrEy9kNQTnbUStcRwp3DKwxOStuxNuJZEdRUDZrOTNS9hdQitNI4Yc+pnSWbs7Dc4TWI7HjJI7agtp22T/sKyLTHy83Ji+mN3ZILbd2QFZnDekLeYZBCqyZJh1ixxPDRdOYLaDKc9Y6lrtGFFVvuaKx2cMxCwNlP32K13raiIlbOpgx4VqvG1kevVqtvFbVVZUd0w/N3f4o9htXr5PM9j3zJkybU1E6OBcwnkqDukNRs7H4o9hpX75PM9j3zJobS1E6IOXMFj6j3ep0n4odRjzPN9Lv41KojDCzNg1arWuKiX7PmdLvrSqKcGJsmp11nRUNJCbuFibB4xrCMjMSEkE3ZO8TJqaw7RRKcOBmbLVTojIzEqIODCxiBqawyyQJ5M56f6glR5Cx0j6whADhq4Ydtf9IB3zCZXc+5JHfvq3e2vq0JSd9w0u51jkgQY+DoGc9MJe9LG9wVAM9XUkjf4Ol3OsYSp2pY3uCpDPV1IIXbW8g5DuEg9dz9KNFV3hmdZVo22PIOA70PXc/SBp2qqvDM6yphEmPjIrjm6O1G1D8JjxaXYHxkVxvdBPzr/AK2fFpJISDtiS3LI5msVnYkNQUjZmF6EQyWtpJWFkBSbDqSjrG7iayClr4ok5NcKYxTb/owMrK7WO+nsFdd6qcU7brlSNniFHuFvsGUlmzZfhdi6X5ZmytZ4wFsOwkeMqmuXUrrYNw0SytZ+t5tlaNpHUtFb7Zr4u1G2h7BaTVoTrcYKIevlpqzWRe315Fwx+IPZaXRvk8G9YH7Gm0kx0QdOj7ly3be8i5Z++PZaXUPk8YrDaGOlaK6nTs07Fh6j3l6nSfih1WMOBy0/qoiN3gqg56+pJGHA9/6qIjd4Ksc9fUqGkpwcGJhrPRGXuQTvWETvZ06kkbnB1vZ0hGVOxEd6w1vZ0hkgX+GjpH1ITf4Z9b9P+UqBSd94uGHv1akE75hEizU6ckh4Tk8MK5RjSiUm/JjCRU0jlUIAm/wYkWanTCSI3uDEiM9SQ4sDMmhU0jCRmJ1SxjgEmxVrVWdUEJtueQs4YzD11P0wVUnpmdatm3BsCzhkjEHrqJ9MZ1VQeGZ1qYRJr4yK43t9+legz4ldhfGRXHNvR+dH7o8SkkJ2zwgNQ8Fv2dvJRbDUhqCzWZ5VelM9tdscV77alOO7RALIxalFB4swjCPx1R0fGa8f/PMW3L3P9WLU1WPCWZtCzubQoVh/8H9s/wB4LZdP/wDU+qRh7omkdC1Vzbhit0+p5WNy++O7Qt9w++JeMf2Vbs9oJOnRpPXMEQyyUvZHsTmYcYiYpQt3gGR1x9azZb6XY8W/CWafDq7lndumjMggaTId8z2RWB2YsxBJAmCJO2esNxYDTWrvqlZtbMI4td5gR1mESO1Zq5t8Qsvg0zv3MP8AUPGHgou1MfFfWpHykEZd3iK+taj8RqtmG075YM9Y0q+yLFVXbVVXK3uFWbfZ16dJ4eRfiVT2zHgh98ey0ur/ACeDGxWhjM2iup2wfcuU7aGYOh98ey0uqfJ3MbHaWRxi/EDo4NmM65LH1Hu9Lpfxw6xHzXO6XegG7wZmTnrSR83z+l31rREYYDNs0a10nVUtBQbnBmZaodEZe5AO94TMmh0ZJBhwNTaNDWEZCZnVKDck3iJoaw7Sgb/D2ul4oR5G96f6mv2QgccXJYYVy1U7UHFJ3JocY0j260GfI+llqr2oM+S43Oy8etAGeFiTY4xpGEjPOaK4WeUzPjNB0Mcpzv6pmVUHQzymfvnRBBbc2gLMAeOHrqJh9cZ6lTnhmdat+3UjyafKb66j+cZ0oqc3UqYRJj4yK47t3+lNfdHiV2B9Qrj23X6U1qHiUkhLgyC2rOFEMbKuen+lr9lnY2ccjn/pa/Zab5N8bc0pERtLsnTIDrh3ifq9azuX94GBgyzGMIMieQgZRzJJJ0FQTWzjg8/9LX7Jv8ccyx0pENQ9QC87Pi7vD1+l6itfaU208/amcNEokDKAh1SWR087xpETqjCH3oT61X/4466dayaEtEAJDq8E47OOenrF1qfW1p79a5pFo4dZL4rcxMf1bHL0ev7s+oCI9d3LsUrZXk6GA0Mkw0QLeFjqIEayCozvbE4HPrWTfqgAANUDrzUo722WIQIaavZxYMNYuwLJ1E9q4yRefgx2xR+0Oh2Z5PjFpqoF9lojQYMhsx+6Y9QS2p2WjpOY4Qteq8SPUFTbPt9sjIgXh6gyy8uj0Qyyz62Stn/z6w5vQT1uXrwfrgB2AKjFiyRbwZ8uPXErUwy0KhoD6wa99U141l+3uVVG36wCjcdbFoZPc00n/wDIFhze+p29PiF7GGkR5l8/1GS8+KymrQwoa2uIpjW3zY8+dP8ALefstN/tysBo9P8ALb/ZbK2pHzDz7UyT+k/xWNurqDpn749lpdJ+TtOyWkDjF8zdP/WIzyXOtvmzljtDthmy3gQ1FoNXp4SIxa1ronydvolphx9+Zu/kEe6KyZ5ib7h6PSxMY4i0ada+r5zT38bUimFrlMjXVNHUeV+ITpRHU1ymXunRUtIEsLc2zxTWGQnlNAwyeTaPFzh2o6m+U5v9MxKqBLleNzc/DrQN3h90v1FCLj/T3soQOMuR9L3cbtQfsuNzvg9aQ4eSnGuer3pThm7m0eNn3a0Afqcpzv6qyqj7vK5++RkkMpsTbPGFYaZa0tMTPKZjxkgr+3sfM22oReMNO22tN0Ns3jCkmZ6gqSLQyZgrqjxgEEkAtkQLJmCDIgs5i6q682j2Egne2mGzzGHrbI7GYylkFKFKevRAzXJtvDhoWi8QbrbOEwkYEggHSPeF6KZ2hWG6bzLwNTgN+eA9UorXa3M9jW2TvrpsmJLLLT1s5CYBNcooPLaF6fcblexQBv2eByi2Zp9m3MNihHfLMBoiSNfuUJeXUL1M43NdixHfLIwBlGSV1ubbFxN+yMBnImWcp6kHlhC9Tu9zbYu8b1jYDM4GcKynqQzubbF3p2Ni5pnDqmg8tMARETAZnqWZpgANxhLiwhMxFNIhE+pen/8AjbYq99DYuaZwpp1oa3Nti70rGxczM4dc0HlhC9TvNzbYu8LtjYLMomcBOc9SHu5tsXEXLGwWcyImGnuQeWEL1O/3Nti5b3ZGDphND/c22KlvdkYOmE9XvQeWEL1LadzPYogXLKyTnAlYn25ZsUQLtmi1mA0ZSnLWg8vrv/ye3DTNiftgTafYOxkBrq/2rD/xXsSACLNeaEIsltrtiAVb7PZ2HbDIdshlpkBllgUAAhAM6kGXrPK/EJUogfW5TL3Ukj63nNHdTUiuJrlMh4SQA+05Tm/00lWKB9rxub8DrSCc25NjiimqWtKMU3kmhxcviaBsX/xdQjfn3R7kIHHByeKNc4aKIIuTYxE1FYdgQRvXFxRr2ataCN7xMzJqNGeSAOHEzNs8YVhGZkJiaIQxibZqzWtZVQRcxiZaqNEZlELvCDjHLWgSHP8AOdHu4taJYc88fo9ww1oiHned0e7XREI8LzujqlrQEI42pNijNIwpIzQBexNyaFBSMJiRnVEL3CGTQoNMKIAv42pFmg0wn70ABfm8wkUFI+tIMfKYYUyjGtdQSgb5NqRFOv1oHC8bDCnXHXqQAN+TzCBTKPrRG9hbkyKGkchMyMkA77JrDCnwUA38LUgzQ6YSzQIMWBqTAoaRhITMjJLXAeIKNeE6IGLgzJlmh0wkERjwZ4oz1dyA+p5vpd/GpWSKYBNg1a11nRJ9lzel+rVVLTgxNk560CHDgZmwamsIyMxISSxu4WMTJqawyMxSSQ4eDEw1U6IyKUm5hZmGqnRGWSAJuSd4ga5w9SQ4OTxRrzoQpTWUpO9SZxRr8BIeC4uKNeqGrWgUi5N3iJqKw9SQi7iYm0aisIzMhMTStDe5szJqNGeSCLmMTLVRojM+CAhDGzNs1ZrCNZCaIc8cp0e44a0QRd4QTaNRojVEIcLzuj3a0BDn+c6Pdxa0RCOMybFGaUpKqIed53R7taIXuEMmhlqogONibk0OKKRhMSM6oAvzbwkUFI9hQBfxmRZoNMJhAG+YmpEUGnPNA3yt70P0tfuhHl7fQ8UIDYnndnvRsdx2u3xQhAWPlW/S9oIccse1CEAOX+Oih5y47PBCEBaeWZ9HxRbuVZ9H2ihCA2T4zPxml2W5vb7kIQLsrRntRshybOseyUIQFq5Fn0fBD3kB2eKEIDzHx0kOuQOo+KEICy8k36XgjY/iNaz4BCEBsVRrsTdied2e9KhAmxnGa+M0WLlWvS9oIQgLNyzXb4oY5c9vsoQgGuX+Oii0csz2IQgLZyrHo+0UbI8dn4zQhBIoQhB//9k=\n','Ipad Air',7),(8,_binary 'data:image/jpeg;base64,/9j/4AAQSkZJRgABAQAAAQABAAD/2wCEAAkGBxAQEA0NEA8QEA0PDg8NDRAPEA8PDw0PFRIWFxURFRMYHSggGBolGxUVITEhJSotLi4uFx8zRDMuNygtLisBCgoKDg0OGhAQGysmICUuLS0vNS0vLS0yLy0tLS0tLTAtLy0vLS0tLS0tLy0tLS0tKy0vLS0tLTUtLS0tLS0tLf/AABEIAOEA4QMBEQACEQEDEQH/xAAcAAEAAgMBAQEAAAAAAAAAAAAAAQIDBAUGBwj/xABAEAACAQIDBAYHBAcJAAAAAAAAAQIDEQQSIQUxQVEGYXGBkaETIkJSscHRMkNikhQjU1SCk/AHFSQlM3JzsuH/xAAaAQEAAwEBAQAAAAAAAAAAAAAAAQIFAwQG/8QAMxEBAAIBAQUFBwMEAwAAAAAAAAECAxEEEiExUQUTQZGhFCJCUmFx0YGxwRUjMvAkQ+H/2gAMAwEAAhEDEQA/APuIAAAAAAAAAAAAAAAAAAAAAAAAAAAAAAAAAAAAAAAAAAAAAAAAAAAAAAAAAAAAAAAAAAAAAAAAAAAAAAAAAAAAAAAAAAAAAAAAAAAAAAAAAAAAAAAAAAAAAAAAAAAAAAAAAAAAAAAAAAAAAAAAAAAAAAAAAAAAAAAAAAAAAAAAAAAAAAAAAAAAAAAAAAAAAAAAAAAAAAAAAAAAAAAAAAAAAAAAAAAAAAAAAAAAAAAAAAAAAAAAAAAAAAAAAAAAAAAAAAAAAAAAAAAAAAAAAAAAAAAAAAAAAAAAAAAAAAAAAAAAAAAAAAAAAAAAAAAEOS5oCjrR96PiidJRrCrxVNb6kF/HEbs9Eb9eqjx9FffUv5kPqTuW6I7ynWFXtPD/ALej/Nh9Se7t0lHe4/mjzVe18N+8Uf5kPqO7v0lHf4/mjzVe2sL+8Uvzpk91fpJ3+L5oUe3cL+3h4sdzfoj2jF80N3DYiFSKqQkpQlua3PgUmJidJdK2i0awykLK06iks0WpK7V001dOz17UwLAAAAAAAAAAAAAAAAAACG7XfLUD5PKbk3J727vvNfTR89M68VbBCLLkBNgAACQCQSsog0bOw+kDhXjhaOIp56k1Fwk81NTe7Nb7Lei57jhlikxrL14JyVnSvryfQZYKdSKVepmXtU6SlSpy6pauUl1XSfFHh1jwakVmY95t0qcYRjCMVGEUoxjFKMYpbkktyKrLgAAAAAAAAAAAAAAAAADW2nUy0K8vdpVH4RZaka2iFMk6Umfo+WmqwAAAJEkCVEJ0YsViaVGOerUhTh71SSivMiZ05rVrMzpEPL7T6fYeF40ISrz953pUvF+s/DvOc5I8Hors1vi4PJ7R6R4zFXU6jhTf3dK8IW5N75d7ZSbTLtGOleTf6PwcLPdr2WEQra3F+guhW3f0vDpTf+IpJRq85r2anfx60zyZabsvbhyb8fV6E5uwAAAAAAAAAAAAAAAAAAOZ0mqZcJiHzgo/mkl8zrhjXJDhtM6YrPm5psMCU24vRA0c3F7fwdG+fEU21vjTbqy/LC7KzaHSuK0+Di4zp1BXVDDVaj4SqNUodvF+SKTk6Q6xg+aXCxnSbaNa6U4UIvhRj61v90rvwsUm1pdYrir9XHls2pUlnqTnUm98puU5P+J6ldxbvoiNIbNLY/4X3loopOZvUNmW9ktFXOcjrYWha2hbRTeen6ObRnha0K0dbaTj78Hvj/XFIpem9GjrjyTS29D7FhsRGpCFWDvCcVKL6mZ8xMTpLWraLRrDKQkAAAAAAAAAAAAAAAAAPGf2iba9HTWGhZzllqVb6qMb+rHtb17usvgyRGaK/f8AZ49sn+3MPnj2pU5RXc/qajJYauNrS+9klyioR80rhMS59fBQqf6jnU4/ralSp/2ZGkLRe0clY7PpLdTiN2Eb89WRYWmvYj4DSDelZUo+6vAnRGqci5ICbLq8AADMQJzvm/ED7N0Dhl2dhFzVSX5qs5fMzs865JbOyxpiq75yegAAAAAAAAAAAAAAAAVqSspO12k2lz03AfEdp7RliHUqTvnqPPL6LqWi7jx7Hk/5FbT/ALwZ+fW1JctyS4rxN/vafNHmz9y3RGdc14kd/ij4o84T3dukmdcyvtWH5o8091fpJf8ArUrO2YI+KE9zfolJsrO3YI+L909xfon0b5eaKz2hg+b0k7i/Q9FLl5or/UcHX0T3F0ehl1eJX+pYfqn2e56CXV4kf1PF0n0/KfZ7fRP6NLmvEr/U8fSfT8ns9uqrp2eVvhd6aImO0azyrLU2XsS+fH3m/ER9n2voW/8AL8F/wrv1epSb7873V17nuf7euunB2iAAAAAAAAAAAAAAAAAeU6c7VqUo06EPVjWjNzkvtNKyyrlvDU7N2euSZvbwfL2t5jsCY0nRjlEaoRkGolUxqnRZQRGposkEJAi4EXCdEXBolMIata7lZK7dkkt7fBHpxx7r6Ts+dNmrH3/d916O4WVHCYSjNWnToU4zSaaUlFXV1v1ue6saRDLzWi2S0x1dEs5gAAAAAAAAAAAAAAAD5b0u2jUqYyvSqNZKElCjFJK0ZRTb5tvQ5VvM3tEvqNgw0ps9bV525uNOKZ00eqaxPNhdJEbsdFZxUnnWPJX0KI3K9Ic52bDPwR5QlUER3VOkK+x4Pkr5QsqC5DucfRHsGzz8EeSXRjy+JHcY+is9m7NPwR6qvDR6/Fkez4+is9l7NPw+s/lV4WPWR7Nj6Oc9k7N09ZQ8KubI9lxqz2Rg+vmj9EXNkey0+qk9j4es+cfhq1/UzdTUY9fO5zvs9axzl457Mx78xEzw+34bmycMr/pFTRewvmZu1Zf+qn6u86YaRirPJ73oLipTqV1dqnCnFRhfRNy39uh6OzI0m0PBnnk9opGu86wAAAAAAAAAAAAAIbAq2B8p6ZbJryxmJqxpynCUotONpP7CVrb+Bj5M9IyWraeOvi+p7O2jHGCtZnSf/XlqsJRdnmhLk7xfgdK24axLTiYnjHFRVqi9uXe7/EtGS8eK27XovHGVFxT7Yr5F4z3V3Ks0doS4xi+y6LxtNvGEd3C62j+B9zLRtUeMI7r6p/vGPFSXdf4XLxtFDupWW0Kb9tLtvH4lozUnxR3V+jJHERe6UX2NMvFonlKs1mOcL5yyqcwQ05Us9TVepD7X4pPW3wM/bM277sc2Vnybkzpzlv5m9/8A4kZHCGfETaXs+hFWhBSWdqvVaTjJWVo3aUXx0u/kafZ98caxr70/x0U2jDkrxmOD2UWajxrpgWAkAAAAAAAAAAhgVbAxtgec21UUKut7TipX5PdbyPm+09n0z70ePH+P4aeyUnJj4eDnzhTqKzyyXFNJ+TMud6s9Hf38c9HPr9HcPP2Mr5wbj5bvI7V2vNXx1+7vTbctfHX7uZiOiH7Os+ycb+at8D007Rn4q+T017S+avk5eJ6OYmG6CmudOSfk7M9NdtxW8dPu9VNuw28dPu5dWlKGk4yi/wAUXH4noretv8Z1emtq2/xnVS5ZZDCWOVKL4BbelVxyptNq3JtFqzPgra+kTMwnZ060pW9JK3Xqkuep2tmnHXWZYuXPNZm0vQQiorz7WZGS83tNpZfvZLaqyrJbtX5L6lYpM83qpWKRwdXoe3PG4dt3y+kfZ+rkvme3Y6x3sfr+zjtU/wBqX1KJtMlkTAugLAAAAAAAAAAFWBRsDHJgcDbdNSab37k+SOObBTLGl4dcWe+Kday8/UhZ/Mxdp7Pvj414w2MG20ycLcJ9GWniZLjddf1MyccS72w1n6NqGKi9+nmjnOKYee2C0cuLLGSeqaa5rU5uMxMc1alGMtJJNdYImY5OXiujmHnd5Ip/h9XzidqbTlrytP68f3emm2Za+Lj4romtXCco9qU15WZ6K9o3j/Kuvp+Xrp2jPxR/DlYrYFeCcrwlFa3Usr8GerHt+K3CdYemu3Yp58HLdOTVrO70se2t689V758dqTMWjk6WHoqjFLfN6v8ArkebJeck/R8/e05rfRLm3v8ADgU0iHWtdI0hv7N2TUrNZVlh7z3dy4now7NfJx5Q5Zdorj4c5e76PbDp4e00r1LWc39rsXJGpiwUx8ubOyZrZOb0kWdnJkQF0BYCQAAAAAAAIYENAUaAxzQHOxeHzAcjEYEDn1cJJbjxbRsOPLxjhP8AvN7MG2Xx8J4ww9RiZtnyYZ96P18Gxhz0yx7squPFNxlzi7ePM881iXSaxPNeOMqR+0lNc1o/A42x6OFtnieTao42EtL2fJ6M56PPbFavOGdTIc3F6R/dpcVJ9+mp2wxzRMvMOap+rHWp7T4R7evqNCtd7jPJFaTbmnDYedR2ScpPWT+rO9MdrzpWHa16444vQbO2LFWlP15cvZXdx7zSw7HWnG3GfR4Mu1Wtwrwh6zAYdK2h7HldelEDYigMiAugLASAAAAAAAAAgCrAxyAwTiBrVKIGrUwwGnXwClwImItGkpiZidYc6vgpR4XRlbR2bE+9i8vw08HaExwy+f5a5kWpak7to0lqVtFo1rOsMNSin1fA5zSJTq4mJ23Upv8AV7k7Wn6yf0LUwRPN5skVnwUxu1p4hQShknZxeV5m7+7pod8Wz7s9XnnHEcZngyYDYb0c9Fvyre+1mvi2OZ45PJ5sm1RHCj0OFwailGKsuSPfWsVjSIeG1ptOsuthcIWQ7GHo2A24RAyJAZEgLoCQAAAAAAAAACAIaApJAY2gKSgBjlTAxuiBSVADRxWyoy1Wj6jllw0yxpeHXFmvinWsuPitn1Ia5W481r4mLtHZ98fGnGPVrYNupfhbhPo81h9g1a8nLK408zeaSeuvBcS+z7JfJxnhCufaaU4Rxl6LA9H/AEe6OvGT3s18WCmOPdhl5M1sk8XUo7K5nVyb1HAJcANunQsBsQgBkSAukBZICQJAAAAAAAAAAAACrQFHECHECriBGUCMgEZAI9GBHolyAn0SAlUwLKIEqIFkgLpASkBYAAAAAAAAAAAAAAABAEWAhxArlAZQIygLALALATYBYCbASkBZASAAAAAAAAAAAAAAAAAAAEALARYBYBYBYBYBYBYCbALASAAAAAAAAAAAAAAAAAAAAAAAAAAAAAAAAAAAAAAAAAAAAAAAAAAAAAAAAAAAAAAAAAAAAAAAAAAAAAAAAAAAAAAAAAAAAAAAAAAAAAAAAAAAAAAAD//Z\n','Sticky-notes',8),(9,_binary 'data:image/jpeg;base64,/9j/4AAQSkZJRgABAQAAAQABAAD/2wCEAAkGBxETEhUSExMWFhIWFRUVGBYVFRYVFRUWFxgXFhcWFRUYHSggGBolGxcXITEhJSkrLi4uFx8zODMtNygtLisBCgoKDg0OGxAQGy0lHyYtLS0tLS0tLSstLS0tLS0tLS0tLS0tLS0tLS0tLS0tLS0tLS0tLSstLS0tLS0tLS0tLf/AABEIAOkA2AMBIgACEQEDEQH/xAAbAAABBQEBAAAAAAAAAAAAAAAAAgMEBQYBB//EAEMQAAEDAgMDCgMECQIHAQAAAAEAAhEDIQQSMQVBUQYTIjJhcYGRobFywfAjM1LRFEJigpKisuHxNEMkU3PCw9LiFf/EABoBAAMBAQEBAAAAAAAAAAAAAAABAgQDBQb/xAAnEQACAgICAgICAQUAAAAAAAAAAQIRAyESMQRBIlETcRQyYaGx4f/aAAwDAQACEQMRAD8A9xQhCABCEIAFxzgBJsF1eas20+pVq/pFUtazEuptjosDSx2RttOkx0uN5OoEQm6LhDkbbE7eoMMSXawWtJaY3B2hPYCmHbbqH7uhI4veWH+HIfdU+J2hSFNsGToIklwvccRa17xaUxS2lVIIp03E7ja3ewNJSU1ezsvHbjZJ2xykxdBvO5KRa27qeV0ubMEirnhsa9U6FarA4tlWm2owyxwkH5HtBsvOdpVsWRmrU2GkRleJjox0gGySCROsXPcl8jduvwVN1HEUqhoNecuIYab2nQE82x5qAHrRl3myOWyZ4qjf+tnpSE3QrNe0OaQWkSCNCE4qOAIQhAAhCEACEIQAIQhAEbaVZzKT3MANQNdkaSBmdHRF90rAUBiadSlUJfLXML2c44kiRnuYabTaSO9aHH4uoKj282XQ49IuAbGojjYjheVUVudLs0W1y5wfktOONL9nGbs3dKoHCWkEdiWsvycqPNWCMrch/WBkyIAHHXyVhytrvZhnuYCTLGkAtBIc4NIlxAGvHRcXCpcTpF2jLcqcXXq4xgY7JhKbXB1QVhFRzmyMrBaQ7IJcI60XiX+S1WpRrumrzmGLGMDnPBLHNDnFzoMEkmLN0Ik2VA91ao3KWsa21iQ7zFwfLcE9hn1qbcrebI4XHbaIA8ltXjPjRWj1IFCp+SdV7sOHPBBzPABOaA1xaL8DEjsIQsElTaAuUIQkAIQhACK1VrGl7iGtaC4uJgAASSTuAC8ZxOMZztatzmWlVcatOmKTa1Wq3PUfTqBtToUbVLZiXaS0aL1nb+G5zDVWASSx0DiQJAvxIAXnuzOSkNpnElgcxoaGtLqhIEXdlLWtNtAXgdqmSbO+FLbO7ILn40l2Z7GiMxAOXMwFkEEEyCJlsAubpZax+IYLGSeHScfLQKDQaGdBk5YtMaiIsAANALAaBTGiekIiJuYTinFGiST2zr4qNLCyGuEXDfoFUVTY1QsdSpGmGOaOlVe8VGuygZgGUyCRA3jqhX1Oo3TMCf2ZPqNExmE20lw8r/NXSbJfVEjksDhqJpVXsdDyW5A7K1pg5elfrZj4rQUa7X3aQVmntC5g65Y8EdxHEI40tHKWO9+zVIUPC44PcW6H3HH38lMUnBprsEIQgQIQhAAhCEAZXHHpv+J3uoT9dFN2gftH3jpH3UFz79afErqpi/HZK2Raszv+RVlyzn9Fd8VP+tqgbMH2jfiCteVLZwtT9w+T2pqXzi/0JKjA0BJiJNk8BfTjvKVhm36wb3zuE7h2ey7SN+t7rf8AlFZruR/3B/6jvZqErkmfsnDWKh/pauLzsrubZSLxCELmMFFx+ObSEm5Og4qSTF1mto4oVIdvGZsC4lri138zSg6Y4cmJr4x9TUwOATBgJtqU4galM2JVpDVWrl6XBQq+NBFqrWtmQHUs5bvgHMARw0jtTmNxtMCCRfdvPcNSqV+FDzYlo7QR6G6TOsY+2SqmPp731X9heGM8AwZh/EpmzcTmIgBrBMC+8yTJuSSSSTckqsZg6bd5PgutbfrPI4SGgd2UA+ZKEwcUzVc42NUw94VCKIP+2T2l9Qn1ckuwhbfI/wDdLvZPkSsS+zRYaoW16Dho5/NntkFzP/ItgvLOTOKrPxrGPe5zOczNDgGwA1xAgAaCbm5leppXZl8qPGSX9gQhCDMCEIQAIQhAGN2nUPPVBr0jZQM5nq+UmJ7QpW2rV6l46WvgCqu09bcOPl4LK8uzfHFaRe7Mf02/E33V3ylH/DVP3f6gszs1/Tb8TfdaflD/AKep3D+oLTinyaMXkR4JswtBt9JXaQM9X3+SVTHbCU2mJMG0lb+DPO/kKjVckvu3j9v5BC5yU6tQftD2/surJkVSZrwy5QTL1CEKDoJe2QRxELAbNxGbnWnWnWcPBzQT/OKvkV6CvJeWOEcNoMoAvbTxWJpMe6m8scMzXvBtrc1bHsRZp8Zrd/stcTtQA5W3dwHzUKpXe7rOtwbbzIv5EdylUdg1WvcxxaGg6tM5vrgdOCuMPgqTN0niblTs28opaKDD4J7uqyJ3xE9/HxU+lsV/6xA7lbnEgJp+LKdEOcmR6ex2jW6kswlJu4Jh2IKQXlMm2yfnaEh1cKHKWmA82uQ4O/WbcEiYtFp7CtHs3Giq2dCLEfW5ZZWXJ18VHN/E3+k/3KRyzRTjZokIQgxghCEACEIQBidvD/iKlpu0/wAjVWua63RFuA07yNfVbLbGw21jmDsj4iYkGOIkecqlPJWvPXZHHpe0Lzp4sik6VnpY82NxVuiBgiQ5s8R7rW8ov9PU7h/UFG2XyfbTIc92dwuABlaDxiTKtMbhm1GOpumHCLajgQtnjRlDcjF5jWROMPpmAog8J+SfuTMDwEDwiytH8lqo6tVjviaW+cErrOTlcnpPpjtGZ3oQF6/5sfdnzn8bOtcX/gl8lf8AcHaz2K6rDZWzRRB6Rc50SYgW0gbhcoWHLJSm2j1/GhKGJRl3/wBJyEIXM7gspyq2eDiKFf8ABJng9vU9Hv8AJatVXKWlNGfwuB8Or80mdcLqaKA1k2XlIauqUbmEricpsBm/D1IHzTlTm4IE5rR/KTO4frK0iHIapsJ04x27zpruKUGXgb9JtI3FOYavl4eUWG+eKaLryLHXVOiLdjxwzhe0f4/NL5loF3CeA7x52lRpJ1SwE6Fb+x9/NxaZXcBUy1WHtjwNvmmgkvCA9UbNCawtXMxruIBTqkxghCEACEIQALDUuVVatUq80ZpNeQxwAaxzdJBLHFxkE7rFvFWnKXaxY7mg7LADiQbkGYA37llsXVLyMrnjta4NPcczXSF3x4r2zJmzV8Ymz5O7VfVL2VYD2no6S5gDQXW1GY6wLEW3m7WG2ftEMa0Fzg4QMzt8b3EAC/cAtlgsRzjGv/EJ4+RU5MfHZ0w5uevY7UeGguNgASTwAuVUjlHQy5geiRIlzG+EF1j2G6Z21jW1Gvoicp6LnNMGx6TRbSxB7yqHD4ihSHNAWuCJBJkRcuMmwAsuLZthhbVs3GGrtexr23a9ocD2OEj0K4qjYVdtMCjPRvlndJ6gAEAXsuJnOUaZeoQhBIJnGUc7HM/E0hPIQBhGJSlbTo5KrxumR3G6jJUb+Vqzi4ulKp0XOiBqY+uyx8k0S5CEoJwUwwsc6C0+NoHnr6JzFGmMuSDqTB3cCqRDmMJbL/XBO1KjP1RqZ8JMC44eyP0gxAAGvru9SmJyFMou4edlyrTIsjnHHeUBArZebBqTTy/hJ8jf81ZKh2FUh5b+Ieo+ir5SzjLsEIQkSCEIQBk+Usc/1RORtyATYu3nTUqDTe7irDlMPtv3B7lVjHN7ZWqD+KMOTHcmyW0k6we+CtNskDmaYAAAaGgDQAWHsszRiVp9lfdN8fcqMz0XghxkY5+EaHPzue77SqYBhozVHuAA7AQPAneujC0dMhj4ipOMEVH/ABu9ykCfxevqsyR7P5NDmzMMwVqbhmEOu2QWuJECQRuMHwQn8COmz4m+6FVGbM+TNUhCEHIEIQgCh5SUbtfxBafC49yqZanbVHNSdxHS8v7SsuQmjRjl8RBSm1XAQDvnxXCklMbZ1jyCCNRpN/RcJkk8TKTqY97BLfRIvqBYwDY776Johs61LBSm4V3ERAMza/aPq6UKbB1njXQXHmPJMXI40pYK4ypTBFiRBmd5gR6z5pYxJ3ACxHnFzumw3IFyF4WplqNPAjyNj6LVLGPeTcm61mAq56bXcQPMWKmRMtj6EIUkghCEAZTlQYqj4B7lVLKrrWAF7wL3lWnKv70fAPcqi6M6mZF90b7f3WiKdIf409lrRec1x6LUbHP2TfH3KyDGgPmfRazYJ+xHe73KWRaJ40Z3aToqP+J3uozKo3A6XuNeyyf2s2Kj/id7qHTBkX9u/VQol8i0wLxnZ8TfdcTeDnOz4m+4QlKNE8rNihCFAAhCEAcc2QQdDZY6rTLSWnUEjyWyWV2qIqu7b/L5JouDILkqm9ggkSZk9wDrcDfKkOKZcVRTY7UxXUIaAWXJ3OPRGn7oTuO2qXjKGwOJMnQggCLWJHioLimiUIgfDydST3ngnAU1h2AkSQBma2b7/awOqlNywCR0jmAAsJmxceyY8L9rFYlpTrSuswL5i2sT5+J0Pkl0abLS+JaD4nUdm5MLGnlX/JutLHN/C70P95VA5WHJ6rFWPxAjxF/YFEloVmmQhC5ACEIQBkuVn3o+Ae5VK24JDLAiTeBrYndM+iuOVn3wH7Dfdyq2sdrm0I323nXz8yvQxxXBHVdEhpEi27tWp5P/AHX7zlmW5rX/AJvyWl5P/dH4z7BRnXwIZQ7VbNR3xH3TFNg4FTMeJqP+I+6Q2ePhaPyQloyObFYYCW/E33Ql0QZHePdC55EVCRqkIQsx3BCEIATUeACToBKymPM9Li4+E3juV9tmTTgbyPLVUNZhykdk+V1N/JGjHD4NkJyZcnU05dqOLY25O0n02gEtzHokgkx1n5rdwZ/F2JspsoEPurNDi5lrBoaRpDWgucNDcSBxudIPDVLtfYDW+5Rw0kwASeAEnyCdDHNMOBB4EEH1VJAx/O4mSTv38dfNKamwnabCTEGVRFjhS8JUyva7g4Hw3+icZhXRJga67otokPZchHZDdGyQo2zquam09kHvFlJWdnVAhCEAV+1dkU68FxLXCwc2JjgZBBCpcRydayJxLWg2GdrRO/XMJstUsXytwxrkmb0z9nwtGYHWzog2O61lazTgtM6Y1ydN6LShybFs1YkfsNDZ8TKu8Lh202hrRAHie8lUfI7aj6tLJVblqMgaQ1zRYFvCNCN3EiCdCiWWU+2TNNOmV+M2Sx5LpLXHUiIPeD8lDGwXf80fwf8A0rxCFkkumcnji/RXYbZDWkEuLiN1gJ7h+aFYoUuTfZSil0CEISGCEIQBX7SMkDsnzVZWYp+IdLifDyULFFcn2a8a1RTlsWTTwpdVt5UeoFtW0Y3p0MOS6eCe6LQDluSAOkYCS4Lpc4wJ0jQAaZo/qd5ooLF4fOxzqckEtBsYvlDw10gg2kQQblFczlgyOkPGZmAAAYLfIJAmZkzrO+e9OmTqSe8+ypQIciQ2uyB0L20tuAPsfNKqYpxJiACXXi8OM/l5KO1qdaxPgiXMW55cZPf2eAXYQ0J3JvTpI5tltsCp0XN4GfAq1Wf2PUy1QPxAj5/JaBZ8iqR2xyuIIXCV1czoMYytkYTv3d6x20sWW9BvXNyToxpsD2uJ0Hed0Gx5Y7YfQNJvNPex8iWgu6e4QAe3hrbeoWCwQe4B5IYZLjo9xMTI/VJ9AABoIiTb0jXix1Hmyw5LUHmHz9kGlrZN3OJuTwjRaRIoU2taGtADQAABoBuhLVIzzlylYIQhMgEIQgAQhCABIrvhpPAEpaj48/Zu+t6GNbZW0rhNVmp+mLJuoFzRqvZWvpwo1Rqn1BqolVq2Y+jFndTIrmpMJ1wXaBaHS4SO4H3XWji5DYUzCU2lrieEattpuN53A33rjcTYjKLgDcIOWCfU+i7hq2UERqDvIgx2Ju2ibQmiyd4H+CfYFSOYjrOG/TsIH5+SjtCUAhpkciSHsGgnv75+u5HPEiN2iYanWI4oTkAflIdwIPktS0zdZZ6v9l1M1JvEDL5WXLMtJnTBL5NDmLoZxEwRcKnp7dax7qJ6TmmHQR0bTcnsur9Y7lk6k2qwNAFao12cjextxmHGYvwELMehgSlLix7G7X52cp6I4a+Krqu0W0ruPcBqVmtpY99JocyM2YC8wbHUTdS9k4Qn7euczzcNO7tI9huCEegsaitGr2Tygrky+kBSi1+nPnceAWgwOObUHA8D8uKxork3JUqhWOosRf6KDhkwRfRs0KHs3HCo39oaj5hTEGFpp0wQhCBAhCEACibS6kdqlqHj3aDxSl0VD+pEOnomqr4lLz2ULEVlETTQhr7xx+h6puoEy6red6kSD3fLcteJ+jH5a2mRnNSC1SC1IIWhGLkNtanANydpUgRJMa7uAk+iKjAILTO/tGnzlHL0J/YoYd3S3ZdZ9k2nsRiC6262lpMarrcQRprx8ItwSTkDcRLKLuHr9cCnebaNT4DxTYeePZ6z81xFNk2hx5G7RWOwn9Zvcfkfkq0KTs18VB2yPP8Awpmri0OEqmmX6yfLDZFO2JFnzlI3OkRPfA9BwWsWc5aVYpsbxcT5D+6xnreO3+RUYWrSa57M2jZfHboPcqYKhKi4mhUH22X7KebLv2oDr+YTlJ6VnrVonU3KdRfHeq6i4cVMaUHHIWmErFpDhqtNhcQHtkeI4LGUqplW2AxmUyPEcVVGLKrNGhN0KweJH+FxIzDqEIQBwmFXPMknipOJqfqjx/JMEQucmdYKtkGu3dofQ9ypNouI1kd4t/FotDVbIgiR9aHcq3FSwHNdn4t7fjG8ftDxAiTKNEWUZrkBWWAq5mA94+vAhMV6DRcNHHo6Htsk7NqiS0cA75H/ALVqwvZx8qHLG39Fg4Jsp1IIWtHjsQuhdDUttM2mwO/67j5J2I4xpOi61PAOaQBeROm8fkk0aQvJiPcR+ankDiISgEvoDiT6JTKxEQAi36CkdbT42CTMGRuMjwQFxzkhGma6RKoeVvJ92LazJV5t7HEgluYFpEEESOAM9narygyGgcAAlrEepCbi1JdmEwvJvHBpw7jT5skk1ZkQQ0QKZvmt3dqg7c2E/DEQS6mYh++YuHRod4XpKaxNBtRpY8AtNiClRpj5c099HmFCmprXqVtTZjqD4N2Hqu+R7QoTymkaJTUlaFGqpeExMfXqqtxjuTtJytIzzZtNiYiSRxE+I+vRCo9nYvK5rtwI8t6EmmZWzaJutUyjt3JZKgvfmM7ty5ydFRjbOsG9JISwjKoOtjeVQNo1Q0KzdYLPbSBe6EFwKb9ILHQPu3TA/C4SSO4gE+B4pVLEND2RvMHx09YVbt3GNp9HhHmm9mUqlYBrGuc472jTtzaDvK6QlTOzhyg79mta5dRXwtWk1vOASQJcycuaLjsukNrN4remntHz0otOmO06hbp2ehQajiIOkz27/wA03zoSTXCfFE26oepmJtqIQ4ySeJlRjiQkfpPBVXsW6omI5wBIo4Ou/Rhji7oj1Vjh9gHWo/wb/wCx/JRKcV2y44pvpFcKxJhok8Bcq42Zs0g56mu5vDtKn4bCMpiGNA7d57yn1nnmvSNOPAou2CEIXE0AhCEAMYzCtqMLHCQfMdo7Vhdp7OfRfldcHqu3EfmvQVGx+DbVYWO8DvB4hNFwm4nnmVIaIMKdjsG6k8sd4HcRxCjFt11RUpD9J8ITbUK6MzZvqzptu3pAYk0t/eU6sXZq60cXF0rjkANYh1lU1qfASd3adwVlV3qPQ67PiCClpDOyOS1Jp52u0VKxOa92M4BoOpHE+ELQgLqF0o4yk5dgotbZ1F2tNs8Yg+YUpCabRDSZWO2DQ/CR3Pd8yk//AIFDg7+Iq1Qnzl9i4R+ivpbGw7dKYPeXO9yplKgxvVaB3AD2TiEnJvsail0CEISGCEIQAIQhAAhCEACEIQBD2ns9tZhabH9V29pWHxNB1NxY8Q4eR7R2L0RZTlp16fc73CuD3QPoomlCS1C0HNn/2Q==\n','Water Bottle-2L',9),(10,_binary 'data:image/jpeg;base64,/9j/4AAQSkZJRgABAQAAAQABAAD/2wCEAAkGBxISEhUTExMVFhUXGRcVGBgYFRUVFxUXGBcdGBoYGBcYHSggGCAlGxgYITEhJSkrLi4uFx8zODMtNygtLisBCgoKDg0OGxAQGi8lHyUtKy8vLS0rLS0tLS0tLy0tLS0rKy0rListLS0tLS0tLS0tLystLS0tLS0tLS0tLS0tLf/AABEIARMAtwMBIgACEQEDEQH/xAAbAAABBQEBAAAAAAAAAAAAAAABAAIDBAYFB//EAEcQAAEDAQMICAUBBgMGBwAAAAEAAhEDITFBBBIyUWFxofAFIkJSgZGxwQYTYtHhMwcjcoKywhWSohQkU7O08RZDY5OjpOL/xAAaAQACAwEBAAAAAAAAAAAAAAAAAgEEBQMG/8QAMBEAAgECAwUGBgMBAAAAAAAAAAECAxEEEiExQVFhcQUUIjLB8BMVI4Gh0TNDsZH/2gAMAwEAAhEDEQA/APZiTMnTwGBHM4pDGLzp7N3HWlGEye/q2c60OEX/AF8+6AFAiOxrxnnYiZkE6Q0Rr3oTjFnc94RjCZntd1ACEySNI6QwG5CBEdjE4zzsRjCYjtd5CcYs7mvbHNyAEcJw0Pq38NSIJmRp4jADmMcUOM3fRz7JRhMHv69k83IAQAiBoYnEHmMEjhNw0Nu/hqTK1ZrWl7oa0XtNk7edS5D/AIgBJzGSMC4xG4f9lyqV6dPzM6QpTn5UduTM9vVhHO1AXGNE6R1blmKnxBWBuZvh2d55ykZ07V1MjVBg77VX+YUef/Dt3OoaMgQAdHsnE70ZMz28BhHM4rh5P0/b16dmw3bgV18nrteJa6frxbsOr8rvSxFOr5WcqlGdPzIkGMY6f064460CBEHQwOJPM4YI8Iv+v7/lKcYkdzVtjm9djkEkzJ08BgRzOKQxi86Wzdx1pRhMnvd3ZzrS4Ree/wA+6ABAiOxrxnnYiZkTeNEa96E4xZ3PeEeM49xACBMkjS7QwAQAEQNDE4zzGCMYTEdrvITjEDua9sc3IATgDGdYBoxiNvBBGYvGdOHd2c6kkAIRFmhjrnmEjhN3Y/PBGTMxDsG69vr5JDZbN/08+yAFbP18IQEQY0e1+EoERPV73siTibCLh3kAAxAnR7OvxRtn68NUcykDiBJN47qECInq972QAhjH8/vHFAxFuhhrnmU47bIu+vn3TKlUNBeb8W4Acx5qG7asNpn/AIqrOJDT2YmNo/I81yabMFfytufnTPWkbbbZ8wsJ0z0BWdU+bSqOINjmPr12Na5thzflHEbtGcSsCbVao5SdrmzBOnBJI2Py9yAbC8W6ebWyaqGPcHksFTq18oIALnNglzwZls+W1P6BbWyiuaVOq9hDS6f9prZvVdBIcwnOnObdZAmbV3eCWXNm0F+O72tqezZsLqdAZQRUdTOgW553tc0CN+d/pCwfQPRNaiXVK2UvcBY1grVnsFl5+ZaTMwLuESVfiZ9GvTqNcSGm1pNjgdIHwHhYuFFqnVTTuh6kXUptWPWDhP8AJ7TwREzZp46o5hUOh+laeUUxUpmc7SBIzqe8YY+SvQIiYbg7Xs9fJb8ZKSujGaadmIRFmhjrnmEjhN3Y/PBGTMkQcG6+fZIbLZvHdUkCtn6+EICLYu7X4SgRE9XveyJ22EXDvIABiBOj2dcomZt08NUcykDiBJN7e6hAiJ6ve1bOdaAC2bcy/tTr2cUkCAbzmgXHvbedaSACQZgnrYO1DV6+aQxiyNL6ubfNAREDQxOM8wkcJu7G3VPBACkRMdXu4ym1aobpuAJuJIAHmn2zPb1YQs5007OqFuA9Yn1JXDEVvhQzHWjT+JKx2R0hSweJxNsOTHdKUsDIxaBbvWXpapg69Y1qRrgRbHnzCz3j6nBFxYOHFndf0wDotnUTZm+Co5XlDn2kzw2Ki2o0EiZFnGwcU5jieqAbhf4/ZV6mIqVPMztCjCGxFkiblQymjEmLDYfQH28lZ+cABM7/ALp5qtItgg2SuFrnVNo8U+P6H++QXAAU2Ra3FzziRrTv2f5PGVuDSHfunXFuL2aiYuW46V6HoVnZ9Sm1z29Qm0SGk6jrnzSyHJKOSNdUo0Jqv/dsDQ5ziBBcYEmJjyV1YpOl8O26xzdF585fy+uGMzSRJsG0nFYvLabs6CDYuzSoVA/Oqg55tDXSHD+XDxVt+QNqEONwIBO2bvNVY6MsEXQD3tggkHWCQeC3GRdNVQIeA9owMNPgRZwWdFJtME2QCB/mcGg+Z4KzQysFudbEZ24Remp1Zwd4uxzqQjPajT0+npEmmc7AyCAN8D0R/wDENMRLXtPaIgg77bFnzXF1s+d86v4T5IfLB9F377VW/wDBX7rT4GwyPLqVUF1Nwc0WFtxB1kG1WTttJ0T3Vl/hpuZW6sEuYRqBtn2K04i2Lu1s3LTw1b4sMzKNemqc7IIBmBY4XnWhIiY6uLcSdfp5JGIE6PZOJKJmZOngMI5ldziBxA0hINw7o1enkki2bcy09qcDs4pIAE4xH0d7bH4wS4zh/wAP7cLkSDMHTwOAHM4IDGLxp7d3HUgBRhP8+vZP5WW6ZrRWPjwgc71qZET2NWM87Vjel2Z1Z84EhUO0H9NdS5g1430IyA6Ix6v352qKoB+9IwZA/wBU+yfSEDcZ8xHupG0v3ZHeBneRFqyLmiNykHNquxkNaBfDYjxzi4+IVrPi25RvqW2XKDKxIRtArdKdLZjTmNznEwBhJVHLOkjRzBUzc6pMNADYAiS512NlhniJ62U0aDDWrEACwNxJwAGJXAySq2u6pleUiBY2k3OcM1otMQRN9+suwhPGOl2GmxHdyqsG0fmNbnudmkgGwCwOLSAZOaDheRrQyDphjgDRZEiwnOtGtpdfvCz+SZca1Zj6LTYRmAEhrha35jyb2gFwAGkTfAtp9K0quT5a8hzjDpYSSYYbQ3cAY8E2TS28FtN/VYHWOtn31HBczKuj6jGj5VrW9nH/APXrvXQblGcGuGICmzrFxuMcF9TOpQbCXt4H7qShU6mUAYNqAfzAuHqFL0qW5pJFtw3rm5C8y/bH9IBUjHQybKgXNjuN4Ej3Vk1pxXHyTqu8COKvsbIlQwsdroF812WxpW/ylbGdkRh3/vxWF+H7MopzdLp29Qrdm8TedHZvWx2d/G+vojKxv8i6AnGJ+nu7Uowmfr1bJ/OKIBkgaXaOBCAIiRoYjGeYxV8piicc2Mbs/bzrSScQIz7R2YwG3gggAgCIB6uLsQeY80jhOGj9W/glOMQO7r286kuM3fRz7IAMmZjr93CFj8vaBXqg96fMSthGE2972WW+KmZtVlQCA4Fp2lpmfI8FSx8b078GWsHK07cSq5kAbwp2NthVS4uaCNrvKwDnUrdFwMEYrHZpENdsGPL7Lh9P/ELMmbmgZ9U6LRtuJ1BaSvSzgfXUVkOiuim/7TUNUFz5L2k2iDfHp4IjZO7JWqOJ0X0RWyp5r5SS4gOhtoa3+ET+bL1J0nRNar8oaM5pi6G2eRiVtvk5jXRFoPHBcn4f6Mh+c69O6jepKSRPk2Qso5XRAETRLf8A23T/AHqj8WMArU3EaQLf8pn+7gtNXot+Y15HWa17W7A8szv6Qs58YDqUnaqgHg4H3ASrVhFlnJKDs2WG2QTtAvEazdKlyHLM8Q4BrxY5oMiQATBIBItxAVrokdTwVfI8jnKaxntCNk022+aS10TfU43TGV/vQwWwJOyeeBV7ojJM6T4qz050e1rSWgAuMmBEnal0C8hjgdykm+hynfqbzYum1sWKgWzVaBrjiuvllKDw90Ay18PU/wDeaZAkjPP+mPdbQYxcdI6lk/himTWsMQ1xnfAWs4AXjvLY7PVqX3MrGv6n2EQIg6IuOtGTMx18G4EcyhOMSDc3uoxhNve1bOdavFQTSROaJJ0hqPMpJATcc2Lz3tvOtBABMzbp4ao5lIYxf2/xxQjCZHe1bOdaXCLvr590AKyPo4yuT8U0C6jJ0muBH8J6p/qnwXXnGLe57qHKmSx7dKWm3umLB5rnVjmg48h6css0zK5IABHh4Cz7pZBZnN1GfAqux0gEGRJ9Vao6U+B+686bRZcuW5kVgd/iuhlDlTqEG9QwiLKatpEWS2DItnZeEylUDTKa+pIINsFpnxVc2hFyUiw/Kc545wK5nxU2cmce66m7ye2eBKusbBG/2I91H06zOyasBf8ALeRtIaSOIUrag2FjIq2bTaQJEtmwmGkgOdDQSYEmALY8UOgMpc91So5oaDm3Z0Z2aJAzgCYgCYVrIoFFoHdHEI5OAC7AdU+Jn7BSnpYV7SHpLrGEMnogNKfVMlPJsUIY4mQU5rjYV1svqgSHa1TyMNpPNR5gSuTlmWF7y7AmzYEE2uzb/ClIdd50Ya2fEn7LRm8Tf2fysz+z95OTOJEkVHNA1gNbJ8HZw8CtLxm891b2FjloxRj4l3qsImTGl2tUICIs0Mdc8wlGEwBc7vIzjFvc17edSsHADoszruzGrbwQTgYuGdN47uznUggBAiJA6mIxJ5jySOE3HR+nfwRJMydPAYEczigMYvOns3cdaADBmO3rwhR13wx7hYACSNZhOgRHY14zzsVTpl8UnF1hsA2gkD0SVJZYN8hoK8kjMdH5LmNMxfIvNkDXuUjqgFyc6p1d1nAffgqsrzcmbcdRzqsqMvTSmykuPYhyusA0+HlICAJuTMopSRfEOETZru12QrVJoT7iBr2wAdrR5uCsvp5wLTiCPMQo8oIs/ib/AFBTF1qCDn/DL3vyWk4i3NAO9tnsr7dI/wALf7kym/NY2m2xosOE6/MyqmRgsJDnF0MptkmXOcAc5x1S6TAstTNKzdyNbl1yiqVgEyo9VazlzuPY53SlUuKq0RIKs5WFWYYk6pKdDG/+AaodQcxsB7Xut1ggGfMnyWkGMXDSGvcvP/gHLAMoq0XHqvaHbiy0f1P8l6CbxN40du9buElmpLkYuKjlqsBIgE6J0RqRgzB08DgBzKQJkkaXaGAGxAARA0MTjPMYKyVwtBM5thGkdZ5lJNcAYz7ANGMRt4JIAMYTP193ZP5xS4Rj3/vxvSERZoYjGeYSOE3djZqnggBTjH8mrbH4XJ+JXxTAmZdfqABs9F17Z+vXhCz/AMTvH7to+onfYFWxcrUZHfDK9VHKIkuHj5H7KNSh8VJ2pVWLBeprorOTSnuCYQkHGkXbwmMqWJ7lCBYpQD3vunW3+oKXPtVbKLGA7Wf1BPzlO4glD/f1UTXfvKp+oD/QD/cUaJt8R7JuSiX1P4/7WhAD3FV3qasbYUJUElHLDgqGWt6hF2vzV3KNLcFzsqdYAuiJL3wtXzMvoHB3HODmxxC9ejxnHuLxBryx1N4vaDG8OBHuvbWuBEt0b3bdy1cBLwuPv3oZmPj4k/fvUMYTEdrvbEpxiPo17Y/GCRiBOj2dcomZt08DhHMrQKAJjDOnDubOdSSLZtzbD2pxOzikgBSZkiHYN1jX6+SQxi2dL6efZKDMEy7B2rZ6+aQxiyNL6ufdAAgRE9XvbdSzPxNUJrNBsho4k/haaREx1e77rJdNunKHSZtaPJoVHtB2pW4st4JXqfYqPvO8qy61s7iq7rSTtKnpnqxsWKtppvYVXphT6iYlHIqjQRB1jgUykJClfhvHqhSapQEHS7Yo2d6kPOqwe6mzVLXbIAOsHytHEBVXvtTbiBpoipnMNzhmmCQYMgwRaDE2i5HIGZprOsAdUdDRc0RcOcEcjPXHOI/PmnZPbn7Hu8MfdS5PLYi2txpTDcnlNfckHOZXNp5wXNrG1dCodJc03rogQ7KBYzfHCfZew9B1y/J6Dzf8tkDvHNE8V4/lY6g3j1A916n8GVc7I6OuHNB7ua8j0hX8A/G1yKOOXgT5nbBMyLSbxqQgRE9XF2o6udaIGAMEXnWhIiY6vd17edS1jLE4A6RgC494a/TzSSJAvGcDcO6NXOpJACERZoY655hI4Td2Nu/gjOMR9GvbHNyHGcO59vwgA2z9fCFiMtfNV5+px42ey2rzANtgtz9eyfysG0yVl9pS0iupfwK1kybEqWnd4KJSU1lraaD2ENRRqV6hBSjEbiLJstHmTAHmpKYsQJtG8eqcCpAgy6tmhp+po/zHN91WBtUPxI4ikw6q+Tf9RTUhFqe3hT6+gqeth+T1Q2oJIEwBtJcABvtU2Tkdfa9x84jhCjotl7dWc0xgS1we2RcYc0G3EA4IZHY6qJmH432taZO8yh2y8w1uTubaoaxVhxtVXKbAkQxyqpsO9UWhXKtyqgLoSOyj9M7ifJeifs7q52SEYB7gdxANnmV5+4WALV/str9Wowm4Ndm6yJaRxCt4KVqqKuMjekzeGIE6PZ1yiZm3TwGEcylOMTPZ7u1CMJn69Wyfzitoxwtm3Mv7U69nFJCJxzYx723nWkgAkGYOngcAOZwQGMXjT27uOpIARA0MTiDzCRwm4aH1b+CAKvSb4oPI0c0gDEONk+axbL1rPiN8UTNjnFoI2TPssnTCxe0ZXqJcjUwS+m3zJx9lILlGME4lUUWxj1AVO5QOSjIQFo3hOJsUYdEbxxMJzSpQM5HxQP3AP/rZN/1NNWaogqt8WGMmJ1VMnP8A9mkreUC0rr/Wur9BF530XqOoaTd6bkf6tf8AjH9DUG1IzSZvFwvkwB4kgeSfkxl9XA/MIIxBDWgg+IPkkadrjXV7E5VXK1aVbKUqJOPUUGarNUWlRNFq6EhqYLs/s7q5uVluLvmNGw/qD0XHrqX4erZmV03G7OZJ2E5p4LrRllmnzRzqxzQa5HsAmSBpdo4FAERI0MRjPMYpECADojROsoyZk6eAwjmcV6AwRriBGdaDoxgNvBJOaSJzbSdLYdnFJAAnGIHc17edSXGbvo59kTM26eGqOZSGMX9v8cUAcL4rqQ1jbzJdOuBH9yz1FdX4pqA1GtFwbI8SZ9Fy6KwMZLNXZs4ZWpIlwCSQuSCqncTlA8KdyieoJRHN28eqLWqMXjep2sQgOF8cmMiqnUabvKsw+y6OVDrFc747A/2HKP4PRwKvPdNuu1dv611f+IReZ9F6gaJLf4mndBBs1I5E0NfVAFgeI8abSeJKaNIb2+oTsjH7ysfrH9DUj2DFshVa6tOVWslRJyXi1NpNUla9Gi1OSQ5XcVVY6C0jaPG8ehVrKrvH0VJt24g+3opQHt1KoHNa+JDgCG92RM860+MJk9/Vs51rkfCVfPyWkW6QGYZ1MJaOAC6wiLNDHXPML0cJZoqXE8/OOWTXAIE3HNi897bzrQSdFmfd2Y1beCCYUMYTIxdq2c60uEXfXz7pAiJA6uLdZ5jySOE2zo/Tv4eSAMh8R1M6u6yIzRwn3VSjjuR6SdNZ5meu71hKjc7w9V5qrLNUk+bN2mrU0uSHAWeXukEmXHd7pBc9w4iFDUUxUNUKCUQVHEWxNoxAsm026lbaGqs82FR5RWDZJMAfe4RfuTRIZQ+NLcjqsF7wGDaXEAQpqTSGMm/NbO/NEprqJqOFSoNHQb3fqdrdHlcMSZnO8E7lplIUdbkbyZ6ok3gW9Yg3CAbfCFNklQF1ZogltRwkGQYAEg43KJ4s9FLkRGdVgADPHkabCobWW1tSdblhygrKYqKoEhJy3tkqUNgKX5aZlBsTAUMouHiqjReNauZRohVKZTEnoX7O8qD6DqZMZrg7wcLvNrlrJN8W93Xt51Lzv9nFcCs9jsWGzaHAjgSvRIMxPWwdgBzK3MHK9JcjGxcbVWIEi4ZxN47uznUgi0EzmmCNI6zr9fNJWSsIzMnTwGEcymudAcRfBL9m7ijGEz9fd2T+cVU6WqRRqG6GkT35s99t6WcssWxoq7SMSDJlWaWid491VZirTNDx9l5hbTeY6jf5jggEqRghJ4gwjcG8DlG9PcmOUEkL1V+TNQucZjRFwbOIGuLJ9JKt1LioRpHnBStgBKjIlPcmgIAbmpmQNzXVR9TT/obHAKZR5Mf3lb+Jn/Lap3AW1HUUgTHqAK7wqmU3K49U8rKlAVMpu8AqjFcrqpCck6nwtlPy8rpO1uDf83UP9S9YAEQNDE4zzC8WpuIIcLwQefGF7Lk9YPY2oBY4BwZ3gRM8dWC1Oz5aSiZuPjqpEjgDGfYOzGI28EEZjDOnDubOdSS0TPECIkaGIxnmFyPiiqRRAwc4Zuxott8mrsEmZI62DcCOZ8llvi2tL2tGAk7HON3gBxVXGTy0Xz0LGFjmqo4tO5WwOoN59lVYFb7A8VgI2JDAnvM2qMJyAGlNKcmOUEjKgULBaecArDnKsw9Y7z6BStgAckE4hMagAqLJwfm1jhLB/oBUwvUWT/q1v4mD/wCNqncBaBQcnJpSgQvC5+VLpvC5mV3pkBXdaq7grCgenJAwTIXp/wAG5X8zJaffbLJwABkD/KQvNaLFtP2e1+rWpGwBwfO+z1ACuYKVqtuJUxsb078DYtkzmWHtTidnFJBwBjOMAaJ1jmPNJbJkBgzEycHatnOtZXpnoqu6o94bnicDbAEXG+7Cb1qREWaGOueYSOE3dj88Fxr0I1o5ZHWlVdN3RhMzwOIIghSvNgGxarpPoxta+yqLnDD7rLZQwtdmuscLD+FjV8NKi+XE06NdVepHCTijCaVVZYQ0lAlIoQlJGuuKri87z6BXAxUaRv3n0CZAPcU1pSfcmYoAlCGTt61Q63D/AJbE0G1PpC1/8X9jVO4CUBIhCUCUoDXrl5ZeulUVSrRlMgKBUXyyTYpqxDbMdWK0PQvwhUrDPruNOn3RpkbQdHxk7Au1OnKo7RQs6kYK8mZ9rgLLzqFq13wb0XlDKprPZm0y3NLXWOdJBENjAgXx4rSdHdD5PQHUpgDB17zvcbfC5XzM26eGqOZWlQwWSSlJ6mdWxmdOMVoAmLxnA3Du7OdSSLZtzL+1OvZxSWgURTjEHua9vOpDjN/0c+yJBmDp4HADmcEhjF40/q3cUACMJs7/ALKtl2QU62m20WCLHHcf+6syInsasZ52omZAOkdE6t6iUVJWaJUnF3Rwqnw93Kh2tcJI3kfZV39BVcHUyNckD0WlEyQNIaR1oSInsasZ5jFVZYGi9xYWLqreZR/Q9cdgHV1m27pIlMPReUTHyuLfutecJx0Pp38NaQBmBp4nAjmMMFzfZ1Li/wAfofvtTgvf3Mb/AIfXN1I75bHEqn/hNcW/KfBusv8ABb0ERI0MRiTzCRwm46GzfwUfLqfF/gnv0+CML/g+UGz5TuA4Epp6EygH9IkDa0+hW9gzHb14RzsQFxIuGkNe5Hy6nxf4/Qd+nwR5/U6NrgA/JqeDSfRAZPVYTNKp1iDoOwaBq2L0EkQCdE6I1IwZievgcI5nBR8uhukye/S4Hn7KNU3Uah19R1nBSs6PruEii4Db1fWFuhjGGn9WuOOpIkRJ0MBiDzOOKF2bDfIHjpbkYwdA5Sew1u9wnyBJ4KVvwhUdGfWAGIYCSBtNkeWC15BmDp4HADmUhjF40tu7iuscDSXFnOWMqPkcnov4cybJzLGy7/iuOcfDBvhC60+EXDvISInsasZ52om8TedE6t6tRjGKtFWK8pOTu2KcYkns91CMJs7+rZzrRAMkDS7RwKAIiRoYjGeYxTCiIm85sXHvbedaSTiBGdaDoxgOYQQAKf6bt/2Tql1Pw9kkkAPH6p3KOnoPSSQAqmgzepHfqjd90kkAMp3VPH3TKn6bd/3RSQBLU/Ubu+6bTvqc60kkAMP6XipKmkxJJACp6b9yjb+kd/2SSQA+p/5fh7JzP1XbvskkgCKn+m7f9k6pdT8PZBJAEg/V8FHT0XpJIAFTQbvUrv1Ru+6SSAFkuk/f7lJJJAH/2Q==\n','women-top',10);
/*!40000 ALTER TABLE `IMAGES` ENABLE KEYS */;
UNLOCK TABLES;

--
-- Table structure for table `ORDERS`
--

DROP TABLE IF EXISTS `ORDERS`;
/*!40101 SET @saved_cs_client     = @@character_set_client */;
/*!50503 SET character_set_client = utf8mb4 */;
CREATE TABLE `ORDERS` (
  `ORDER_ID` bigint(20) NOT NULL AUTO_INCREMENT,
  `ORDER_OWNER_ID` bigint(20) NOT NULL,
  `ORDER_QUANTITY` varchar(50) NOT NULL,
  `ORDER_AMOUNT` float DEFAULT NULL,
  `DESCRIPTION` varchar(50) NOT NULL,
  `DATE` date DEFAULT NULL,
  `ARCHIVE` char(1) DEFAULT NULL,
  PRIMARY KEY (`ORDER_ID`),
  KEY `ORDER_CUSTOMER_FK` (`ORDER_OWNER_ID`),
  CONSTRAINT `ORDER_CUSTOMER_FK` FOREIGN KEY (`ORDER_OWNER_ID`) REFERENCES `CUSTOMER` (`CUSTOMER_ID`)
) ENGINE=InnoDB AUTO_INCREMENT=27 DEFAULT CHARSET=utf8mb4 COLLATE=utf8mb4_general_ci;
/*!40101 SET character_set_client = @saved_cs_client */;

--
-- Dumping data for table `ORDERS`
--

LOCK TABLES `ORDERS` WRITE;
/*!40000 ALTER TABLE `ORDERS` DISABLE KEYS */;
INSERT INTO `ORDERS` VALUES (1,1,'1 Mackbook',2200,'Order placed for orderId :1','2024-06-18',NULL),(2,2,'1 Smartphone, 1 Ipad Air',2180,'Order placed for orderId :2','2024-06-20',NULL),(3,3,'6 Chairs',1500,'Order placed for orderId :3','2024-06-08',NULL),(4,4,'3 T-shirts , 1 Sticky Notes',79,'Order placed for orderId :4','2024-06-10',NULL),(5,5,'2 Water Bottle,1 T-Shirt, 1 Women-top',80,'Order placed for orderId :5','2024-06-05',NULL),(6,6,'1 Panasonic Refrigerator',2900,'Order placed for orderId :6','2024-06-16',NULL),(7,7,'3 Women-top, 2 T-shirts',67,'Order placed for orderId :7','2024-06-11',NULL),(8,8,'2 Frying Pan',76,'Order placed for orderId :8','2024-06-08',''),(9,9,'1 Ipad Air',580,'Order placed for orderId :9','2024-06-19',''),(10,10,'5 Sticky Notes, 2 Watter-Bottle',100,'Order placed for orderId :10','2024-04-03','X'),(11,1,'1 Mackbook',2200,'Order placed for laptop','2024-02-18','X'),(12,2,'1 Smartphone',1600,'Order placed for smartphone','2024-03-20','X'),(13,3,'1 Chair',250,'Order placed for office chairs','2024-06-28','');
/*!40000 ALTER TABLE `ORDERS` ENABLE KEYS */;
UNLOCK TABLES;

--
-- Table structure for table `ORDER_HISTORY`
--

DROP TABLE IF EXISTS `ORDER_HISTORY`;
/*!40101 SET @saved_cs_client     = @@character_set_client */;
/*!50503 SET character_set_client = utf8mb4 */;
CREATE TABLE `ORDER_HISTORY` (
  `ORDER_ID` bigint(20) NOT NULL,
  `ORDER_OWNER_ID` bigint(20) NOT NULL,
  `ORDER_QUANTITY` varchar(50) NOT NULL,
  `ORDER_AMOUNT` float DEFAULT NULL,
  `DESCRIPTION` varchar(50) NOT NULL,
  `DATE` date DEFAULT NULL,
  `DELETED_AT` timestamp NOT NULL DEFAULT current_timestamp()
) ENGINE=InnoDB DEFAULT CHARSET=utf8mb4 COLLATE=utf8mb4_general_ci;
/*!40101 SET character_set_client = @saved_cs_client */;

--
-- Dumping data for table `ORDER_HISTORY`
--

LOCK TABLES `ORDER_HISTORY` WRITE;
/*!40000 ALTER TABLE `ORDER_HISTORY` DISABLE KEYS */;
INSERT INTO `ORDER_HISTORY` VALUES (10,10,'5 Sticky Notes, 2 Watter-Bottle',100,'Order placed for orderId :10','2024-04-03','2024-07-03 16:51:56'),(11,1,'1 Mackbook',2200,'Order placed for laptop','2024-02-18','2024-07-03 16:51:56'),(12,2,'1 Smartphone',1600,'Order placed for smartphone','2024-03-20','2024-07-03 16:51:56');
/*!40000 ALTER TABLE `ORDER_HISTORY` ENABLE KEYS */;
UNLOCK TABLES;

--
-- Table structure for table `ORDER_ITEMS`
--

DROP TABLE IF EXISTS `ORDER_ITEMS`;
/*!40101 SET @saved_cs_client     = @@character_set_client */;
/*!50503 SET character_set_client = utf8mb4 */;
CREATE TABLE `ORDER_ITEMS` (
  `ORDER_ITEMS_ID` bigint(20) NOT NULL AUTO_INCREMENT,
  `ORDER_ID` bigint(20) NOT NULL,
  `PRODUCT_ID` bigint(20) NOT NULL,
  `SUPPLIER_ID` bigint(20) NOT NULL,
  `UNIT_PRICE` float DEFAULT NULL,
  `DESCRIPTION` varchar(50) NOT NULL,
  `QUANTITY` int(11) DEFAULT NULL,
  `AMOUNT` float DEFAULT NULL,
  `ARCHIVE` char(1) DEFAULT NULL,
  PRIMARY KEY (`ORDER_ITEMS_ID`),
  KEY `ORDER_ID_FK` (`ORDER_ID`),
  KEY `PRODUCT_ID_FK` (`PRODUCT_ID`),
  KEY `ORDER_SUPPLIER_FK` (`SUPPLIER_ID`),
  CONSTRAINT `ORDER_ID_FK` FOREIGN KEY (`ORDER_ID`) REFERENCES `ORDERS` (`ORDER_ID`),
  CONSTRAINT `ORDER_SUPPLIER_FK` FOREIGN KEY (`SUPPLIER_ID`) REFERENCES `SUPPLIER` (`SUPPLIER_ID`),
  CONSTRAINT `PRODUCT_ID_FK` FOREIGN KEY (`PRODUCT_ID`) REFERENCES `PRODUCT` (`PRODUCT_ID`)
) ENGINE=InnoDB AUTO_INCREMENT=28 DEFAULT CHARSET=utf8mb4 COLLATE=utf8mb4_general_ci;
/*!40101 SET character_set_client = @saved_cs_client */;

--
-- Dumping data for table `ORDER_ITEMS`
--

LOCK TABLES `ORDER_ITEMS` WRITE;
/*!40000 ALTER TABLE `ORDER_ITEMS` DISABLE KEYS */;
INSERT INTO `ORDER_ITEMS` VALUES (1,1,1,1,2200,'MacBook',1,2200,NULL),(2,2,2,1,1600,'Iphone',1,1600,NULL),(3,2,7,1,580,'Ipad',1,580,NULL),(4,3,4,4,250,'chairs',6,1500,NULL),(5,4,5,5,23,'T-shirts',3,69,NULL),(6,4,8,7,10,'Sticky Notes',1,10,NULL),(7,5,9,6,25,'Water bottle',2,50,NULL),(8,5,5,5,23,'T-shirt',1,23,NULL),(9,5,10,5,7,'Women top',1,7,NULL),(10,6,3,6,2900,'Panasonic Refrigerator',1,2900,NULL),(19,7,10,5,7,'Women top',3,21,NULL),(20,7,5,5,23,'T-shirt',2,46,NULL),(21,8,6,6,38,'Frying pan',2,76,NULL),(22,9,7,1,580,'Ipad',1,580,NULL),(23,10,8,7,10,'Sticky Notes',5,50,'X'),(24,10,9,6,25,'Water Bottle',2,50,'X'),(25,11,1,1,2200,'Macbook',1,2200,NULL),(26,12,2,1,1600,'Iphone',1,1600,NULL),(27,13,4,4,250,'Chair',1,250,NULL);
/*!40000 ALTER TABLE `ORDER_ITEMS` ENABLE KEYS */;
UNLOCK TABLES;

--
-- Table structure for table `PRODUCT`
--

DROP TABLE IF EXISTS `PRODUCT`;
/*!40101 SET @saved_cs_client     = @@character_set_client */;
/*!50503 SET character_set_client = utf8mb4 */;
CREATE TABLE `PRODUCT` (
  `PRODUCT_ID` bigint(20) NOT NULL AUTO_INCREMENT,
  `PRODUCT_NAME` varchar(50) NOT NULL,
  `DESCRIPTION` varchar(50) NOT NULL,
  `PRICE` int(11) DEFAULT NULL,
  `CATEGORY_ID` bigint(20) NOT NULL,
  `COMMENTS` varchar(200) DEFAULT NULL,
  `SUPPLIER_ID` bigint(20) DEFAULT NULL,
  PRIMARY KEY (`PRODUCT_ID`),
  KEY `CATEGORY_PRODUCT_FK` (`CATEGORY_ID`),
  KEY `SUPPLIER_PRODUCT_FK` (`SUPPLIER_ID`),
  CONSTRAINT `CATEGORY_PRODUCT_FK` FOREIGN KEY (`CATEGORY_ID`) REFERENCES `CATEGORY` (`CATEGORY_ID`),
  CONSTRAINT `SUPPLIER_PRODUCT_FK` FOREIGN KEY (`SUPPLIER_ID`) REFERENCES `SUPPLIER` (`SUPPLIER_ID`)
) ENGINE=InnoDB AUTO_INCREMENT=11 DEFAULT CHARSET=utf8mb4 COLLATE=utf8mb4_general_ci;
/*!40101 SET character_set_client = @saved_cs_client */;

--
-- Dumping data for table `PRODUCT`
--

LOCK TABLES `PRODUCT` WRITE;
/*!40000 ALTER TABLE `PRODUCT` DISABLE KEYS */;
INSERT INTO `PRODUCT` VALUES (1,'MacBook M1','High end-performance laptop1',2200,9,'Great product for students and professionals',1),(2,'Iphone 15','Latest model smartphone',1600,9,'Amazing camera quality',1),(3,'Panasonic Refrigerator','Latest model Refrigerator',2900,3,'This frig saves alot of power consumption',6),(4,'Back Chair','Comfortable office chair',250,5,'comfortable design for long hours',4),(5,'T-shirt','Cotton t-shirt',23,1,'Good for summers',5),(6,'Frying Pan','Non-stick pan',38,3,'Must have product',6),(7,'Ipad Air','Bestseller',580,9,'Best Ipad that has released',1),(8,'Sticky-notes','Sticky notes for office use',10,7,'Useful to write quick note',7),(9,'Water Bottle-2L','Insulated water bottle',25,7,'Must have water bottle',6),(10,'women-top','Green top for women',7,1,'good material',5);
/*!40000 ALTER TABLE `PRODUCT` ENABLE KEYS */;
UNLOCK TABLES;

--
-- Table structure for table `RETURN`
--

DROP TABLE IF EXISTS `RETURN`;
/*!40101 SET @saved_cs_client     = @@character_set_client */;
/*!50503 SET character_set_client = utf8mb4 */;
CREATE TABLE `RETURN` (
  `RETURN_ID` bigint(20) NOT NULL AUTO_INCREMENT,
  `ORDER_ITEMS_ID` bigint(20) NOT NULL,
  `QUANTITY` int(11) DEFAULT NULL,
  `RETURN_DATE` datetime NOT NULL,
  `DESCRIPTION` varchar(50) DEFAULT NULL,
  PRIMARY KEY (`RETURN_ID`),
  KEY `RETURN_ID_FK` (`ORDER_ITEMS_ID`),
  CONSTRAINT `RETURN_ID_FK` FOREIGN KEY (`ORDER_ITEMS_ID`) REFERENCES `ORDER_ITEMS` (`ORDER_ITEMS_ID`)
) ENGINE=InnoDB AUTO_INCREMENT=11 DEFAULT CHARSET=utf8mb4 COLLATE=utf8mb4_general_ci;
/*!40101 SET character_set_client = @saved_cs_client */;

--
-- Dumping data for table `RETURN`
--

LOCK TABLES `RETURN` WRITE;
/*!40000 ALTER TABLE `RETURN` DISABLE KEYS */;
INSERT INTO `RETURN` VALUES (1,1,1,'2024-06-25 00:00:00','Returned MacBook due to wrong colour'),(2,2,1,'2024-06-22 00:00:00','Returned iPhone for defect'),(3,3,2,'2024-06-20 00:00:00','Returned 2 Back Chairs due to defect'),(4,7,1,'2024-06-23 00:00:00','Returned 1 T-shirt due to size issue'),(5,10,1,'2024-06-21 00:00:00','Returned 1 Water Bottle-2L for colour mismatch'),(6,6,1,'2024-06-24 00:00:00','Returned Panasonic Refrigerator due to defect'),(7,5,1,'2024-06-26 00:00:00','Returned 1 Women-top for refund'),(8,8,1,'2024-06-22 00:00:00','Returned 1 Frying Pan due to size issue'),(9,9,1,'2024-06-27 00:00:00','Returned Ipad Air for exchange'),(10,4,1,'2024-06-20 00:00:00','Returned 2 Sticky-notes packs for refund');
/*!40000 ALTER TABLE `RETURN` ENABLE KEYS */;
UNLOCK TABLES;

--
-- Table structure for table `REVIEW`
--

DROP TABLE IF EXISTS `REVIEW`;
/*!40101 SET @saved_cs_client     = @@character_set_client */;
/*!50503 SET character_set_client = utf8mb4 */;
CREATE TABLE `REVIEW` (
  `REVIEW_ID` bigint(20) NOT NULL AUTO_INCREMENT,
  `RATINGS` float DEFAULT NULL,
  `DESCRIPTION` varchar(50) DEFAULT NULL,
  `PRODUCT_ID` bigint(20) DEFAULT NULL,
  PRIMARY KEY (`REVIEW_ID`),
  KEY `REVIEW_PRODUCT_FK` (`PRODUCT_ID`),
  CONSTRAINT `REVIEW_PRODUCT_FK` FOREIGN KEY (`PRODUCT_ID`) REFERENCES `PRODUCT` (`PRODUCT_ID`)
) ENGINE=InnoDB AUTO_INCREMENT=11 DEFAULT CHARSET=utf8mb4 COLLATE=utf8mb4_general_ci;
/*!40101 SET character_set_client = @saved_cs_client */;

--
-- Dumping data for table `REVIEW`
--

LOCK TABLES `REVIEW` WRITE;
/*!40000 ALTER TABLE `REVIEW` DISABLE KEYS */;
INSERT INTO `REVIEW` VALUES (1,5,'Great product for students and professionals',1),(2,5,'Amazing camera quality',2),(3,4.5,'This frig saves alot of power consumption',3),(4,3.5,'comfortable design for long hours',4),(5,4,'Good for summers',5),(6,3,'Leaves the coating soon',6),(7,4.5,'Best Ipad that has released',7),(8,3,'Material of the paper is not that good',8),(9,4,'Must have water bottle',9),(10,3.5,'The material is okay',10);
/*!40000 ALTER TABLE `REVIEW` ENABLE KEYS */;
UNLOCK TABLES;

--
-- Table structure for table `SUPPLIER`
--

DROP TABLE IF EXISTS `SUPPLIER`;
/*!40101 SET @saved_cs_client     = @@character_set_client */;
/*!50503 SET character_set_client = utf8mb4 */;
CREATE TABLE `SUPPLIER` (
  `SUPPLIER_ID` bigint(20) NOT NULL AUTO_INCREMENT,
  `SUPPLIER_NAME` varchar(50) NOT NULL,
  `EMAIL` varchar(50) DEFAULT NULL,
  `PHONE_NO` varchar(15) DEFAULT NULL,
  PRIMARY KEY (`SUPPLIER_ID`)
) ENGINE=InnoDB AUTO_INCREMENT=9 DEFAULT CHARSET=utf8mb4 COLLATE=utf8mb4_general_ci;
/*!40101 SET character_set_client = @saved_cs_client */;

--
-- Dumping data for table `SUPPLIER`
--

LOCK TABLES `SUPPLIER` WRITE;
/*!40000 ALTER TABLE `SUPPLIER` DISABLE KEYS */;
INSERT INTO `SUPPLIER` VALUES (1,'TechSupply','info@techsupply.com','1113342987'),(2,'PetSupplier','sales@petsupplier.com','1235629876'),(3,'Home_ApplianceSupplier','orders@homeApplianceSupplier.com','9876543210'),(4,'FurnitureSupplier','support@furnituresupplier.com','1557728913'),(5,'FashionSupplier','contact@fashionsupplier.com','1334412977'),(6,'KitchenSupplier','contactkitchensupplier.com','9988776655'),(7,'BookSupplier','contact@booksupplier.com','1556622887'),(8,'schoolSupply','contact@schoolsupplier.com','7654321980');
/*!40000 ALTER TABLE `SUPPLIER` ENABLE KEYS */;
UNLOCK TABLES;

--
-- Table structure for table `TAGS`
--

DROP TABLE IF EXISTS `TAGS`;
/*!40101 SET @saved_cs_client     = @@character_set_client */;
/*!50503 SET character_set_client = utf8mb4 */;
CREATE TABLE `TAGS` (
  `TAG_ID` bigint(20) NOT NULL AUTO_INCREMENT,
  `TAG_NAME` varchar(50) DEFAULT NULL,
  `PRODUCT_ID` bigint(20) DEFAULT NULL,
  PRIMARY KEY (`TAG_ID`),
  KEY `TAGS_PRODUCT_FK` (`PRODUCT_ID`),
  CONSTRAINT `TAGS_PRODUCT_FK` FOREIGN KEY (`PRODUCT_ID`) REFERENCES `PRODUCT` (`PRODUCT_ID`)
) ENGINE=InnoDB AUTO_INCREMENT=11 DEFAULT CHARSET=utf8mb4 COLLATE=utf8mb4_general_ci;
/*!40101 SET character_set_client = @saved_cs_client */;

--
-- Dumping data for table `TAGS`
--

LOCK TABLES `TAGS` WRITE;
/*!40000 ALTER TABLE `TAGS` DISABLE KEYS */;
INSERT INTO `TAGS` VALUES (1,'Laptop,Apple',1),(2,'Smartphone,Apple',2),(3,'Kitchen Appliance, Double door',3),(4,'office,adjustable',4),(5,'Casual wear,Men',5),(6,'Kitchen, cooking',6),(7,'ios, Apple, ipad',7),(8,'office, paper',8),(9,'gym,leak-proof,hydration',9),(10,'fashion,clothing,women,casual',10);
/*!40000 ALTER TABLE `TAGS` ENABLE KEYS */;
UNLOCK TABLES;

--
-- Dumping events for database 'buyhub'
--
/*!50106 SET @save_time_zone= @@TIME_ZONE */ ;
/*!50106 DROP EVENT IF EXISTS `archive_old_orders` */;
DELIMITER ;;
/*!50003 SET @saved_cs_client      = @@character_set_client */ ;;
/*!50003 SET @saved_cs_results     = @@character_set_results */ ;;
/*!50003 SET @saved_col_connection = @@collation_connection */ ;;
/*!50003 SET character_set_client  = utf8mb4 */ ;;
/*!50003 SET character_set_results = utf8mb4 */ ;;
/*!50003 SET collation_connection  = utf8mb4_general_ci */ ;;
/*!50003 SET @saved_sql_mode       = @@sql_mode */ ;;
/*!50003 SET sql_mode              = 'IGNORE_SPACE,STRICT_TRANS_TABLES,ERROR_FOR_DIVISION_BY_ZERO,NO_AUTO_CREATE_USER,NO_ENGINE_SUBSTITUTION' */ ;;
/*!50003 SET @saved_time_zone      = @@time_zone */ ;;
/*!50003 SET time_zone             = 'SYSTEM' */ ;;
/*!50106 CREATE*/ /*!50117 DEFINER=`root`@`localhost`*/ /*!50106 EVENT `archive_old_orders` ON SCHEDULE EVERY 1 HOUR STARTS '2024-06-16 21:21:41' ON COMPLETION NOT PRESERVE ENABLE DO BEGIN
    DECLARE item_count INT;

    -- Check if there are old orders to archive
    SELECT COUNT(*)
    INTO item_count
    FROM ORDERS
    WHERE DATE < CURDATE() - INTERVAL 40 DAY
      AND ARCHIVE != 'X';

    -- If there are records to archive, proceed
    IF item_count > 0 THEN
        -- Inserting the old orders into Order_History table only if they are not archived yet.
        INSERT INTO `ORDER_HISTORY` (ORDER_ID, ORDER_OWNER_ID, ORDER_QUANTITY, ORDER_AMOUNT, DESCRIPTION, DATE)
        SELECT ORDER_ID, ORDER_OWNER_ID, ORDER_QUANTITY, ORDER_AMOUNT, DESCRIPTION, DATE
        FROM ORDERS
        WHERE DATE < CURDATE() - INTERVAL 40 DAY
          AND ARCHIVE != 'X';

        -- Update the ARCHIVE column in ORDERS table for old orders that are not archived
        UPDATE `ORDERS` o
        SET o.`ARCHIVE` = 'X'
        WHERE DATE < CURDATE() - INTERVAL 40 DAY
          AND o.`ARCHIVE` != 'X';

        -- Update the ARCHIVE column in ORDER_ITEMS table for related order items
        UPDATE ORDER_ITEMS oi
        JOIN `ORDERS` o ON oi.ORDER_ID = o.ORDER_ID
        SET oi.ARCHIVE = 'X'
        WHERE DATE < CURDATE() - INTERVAL 40 DAY
          AND oi.ARCHIVE != 'X';
    END IF;
END */ ;;
/*!50003 SET time_zone             = @saved_time_zone */ ;;
/*!50003 SET sql_mode              = @saved_sql_mode */ ;;
/*!50003 SET character_set_client  = @saved_cs_client */ ;;
/*!50003 SET character_set_results = @saved_cs_results */ ;;
/*!50003 SET collation_connection  = @saved_col_connection */ ;;
DELIMITER ;
/*!50106 SET TIME_ZONE= @save_time_zone */ ;

--
-- Dumping routines for database 'buyhub'
--
/*!40103 SET TIME_ZONE=@OLD_TIME_ZONE */;

/*!40101 SET SQL_MODE=@OLD_SQL_MODE */;
/*!40014 SET FOREIGN_KEY_CHECKS=@OLD_FOREIGN_KEY_CHECKS */;
/*!40014 SET UNIQUE_CHECKS=@OLD_UNIQUE_CHECKS */;
/*!40101 SET CHARACTER_SET_CLIENT=@OLD_CHARACTER_SET_CLIENT */;
/*!40101 SET CHARACTER_SET_RESULTS=@OLD_CHARACTER_SET_RESULTS */;
/*!40101 SET COLLATION_CONNECTION=@OLD_COLLATION_CONNECTION */;
/*!40111 SET SQL_NOTES=@OLD_SQL_NOTES */;

-- Dump completed on 2024-07-03 22:38:22
